FIPS	state	n_killed	n_injured	count 	county
48455	Texas	6	3	8	Trinity
47059	Tennessee	13	18	78	Greene
19049	Iowa	1	1	3	Dallas
26087	Michigan	5	3	13	Lapeer
13141	Georgia	2	0	2	Hancock
2070	Alaska	4	2	18	Dillingham
48161	Texas	4	2	5	Freestone
47159	Tennessee	0	4	2	Smith
18037	Indiana	1	3	12	Dubois
31015	Nebraska	0	0	2	Boyd
29047	Missouri	13	12	27	Clay
37003	North Carolina	6	7	14	Alexander
28035	Mississippi	36	80	162	Forrest
13113	Georgia	6	12	23	Fayette
55049	Wisconsin	1	0	2	Iowa
36093	New York	22	47	125	Schenectady
37199	North Carolina	3	1	6	Yancey
2020	Alaska	110	199	498	Anchorage
26117	Michigan	7	1	11	Montcalm
1017	Alabama	10	22	27	Chambers
18077	Indiana	1	0	1	Jefferson
47117	Tennessee	2	5	7	Marshall
48109	Texas	1	0	1	Culberson
48147	Texas	3	3	6	Fannin
48043	Texas	3	5	6	Brewster
20073	Kansas	0	0	1	Greenwood
18059	Indiana	3	6	19	Hancock
48175	Texas	1	1	2	Goliad
21115	Kentucky	7	1	7	Johnson
26137	Michigan	1	1	3	Otsego
28097	Mississippi	7	3	6	Montgomery
42033	Pennsylvania	3	7	13	Clearfield
53045	Washington	17	3	22	Mason
27009	Minnesota	2	2	7	Benton
13229	Georgia	1	0	1	Pierce
42081	Pennsylvania	24	31	52	Lycoming
28143	Mississippi	6	8	13	Tunica
8067	Colorado	7	2	13	La Plata
21163	Kentucky	1	0	2	Meade
48369	Texas	1	1	2	Parmer
37063	North Carolina	129	391	519	Durham
29133	Missouri	5	15	21	Mississippi
18027	Indiana	1	0	2	Daviess
37187	North Carolina	10	24	31	Washington
37155	North Carolina	117	106	197	Robeson
13039	Georgia	1	4	6	Camden
45027	South Carolina	7	2	9	Clarendon
19123	Iowa	1	3	5	Mahaska
12081	Florida	80	131	298	Manatee
48183	Texas	69	72	193	Gregg
36107	New York	2	1	8	Tioga
19107	Iowa	2	4	7	Keokuk
53035	Washington	12	19	42	Kitsap
12121	Florida	2	3	8	Suwannee
41023	Oregon	1	1	7	Grant
42101	Pennsylvania	890	2321	2934	Philadelphia
54059	West Virginia	3	6	11	Mingo
38089	North Dakota	5	18	51	Stark
22093	Louisiana	1	2	2	St. James
6073	California	243	290	681	San Diego
18019	Indiana	5	23	61	Clark
21169	Kentucky	5	2	6	Metcalfe
28099	Mississippi	15	10	37	Neshoba
36091	New York	4	6	39	Saratoga
45023	South Carolina	10	24	45	Chester
1027	Alabama	1	3	4	Clay
10005	Delaware	17	41	152	Sussex
39109	Ohio	5	12	47	Miami
51003	Virginia	2	4	7	Albemarle
47123	Tennessee	2	5	7	Monroe
21121	Kentucky	9	9	17	Knox
21071	Kentucky	5	9	19	Floyd
40141	Oklahoma	0	0	2	Tillman
18043	Indiana	7	9	27	Floyd
42083	Pennsylvania	5	1	10	McKean
19087	Iowa	0	2	6	Henry
26125	Michigan	96	214	513	Oakland
27123	Minnesota	83	182	463	Ramsey
13257	Georgia	7	3	15	Stephens
42037	Pennsylvania	8	20	39	Columbia
28039	Mississippi	6	5	14	George
28073	Mississippi	8	8	23	Lamar
19063	Iowa	2	0	3	Emmet
19111	Iowa	5	3	9	Lee
48267	Texas	0	1	1	Kimble
56027	Wyoming	0	1	1	Niobrara
27025	Minnesota	3	4	12	Chisago
37097	North Carolina	22	48	104	Iredell
26049	Michigan	183	399	709	Genesee
45057	South Carolina	33	36	81	Lancaster
51077	Virginia	2	1	5	Grayson
16033	Idaho	0	1	1	Clark
39123	Ohio	2	2	7	Ottawa
35053	New Mexico	1	3	5	Socorro
48257	Texas	9	11	17	Kaufman
8095	Colorado	0	1	1	Phillips
13315	Georgia	1	1	4	Wilcox
48097	Texas	2	3	7	Cooke
51079	Virginia	0	3	5	Greene
48285	Texas	1	0	1	Lavaca
12127	Florida	98	210	479	Volusia
18049	Indiana	1	6	9	Fulton
31083	Nebraska	0	1	1	Harlan
31159	Nebraska	0	1	3	Seward
46121	South Dakota	4	3	10	Todd
51069	Virginia	3	1	6	Frederick
17143	Illinois	41	299	931	Peoria
37047	North Carolina	27	59	114	Columbus
54105	West Virginia	1	0	1	Wirt
53015	Washington	14	19	51	Cowlitz
46099	South Dakota	18	34	274	Minnehaha
36085	New York	46	148	414	Richmond
29075	Missouri	1	0	1	Gentry
27083	Minnesota	2	0	3	Lyon
38003	North Dakota	1	1	9	Barnes
39097	Ohio	5	4	10	Madison
13081	Georgia	13	23	37	Crisp
29203	Missouri	1	1	2	Shannon
13063	Georgia	109	106	194	Clayton
37169	North Carolina	9	2	12	Stokes
13097	Georgia	34	29	68	Douglas
21123	Kentucky	0	1	1	Larue
12095	Florida	434	890	1441	Orange
45021	South Carolina	20	30	53	Cherokee
53073	Washington	16	12	52	Whatcom
9011	Connecticut	12	35	161	New London
34013	New Jersey	394	457	930	Essex
48117	Texas	0	2	1	Deaf Smith
19021	Iowa	0	1	12	Buena Vista
20111	Kansas	3	2	7	Lyon
40019	Oklahoma	11	26	49	Carter
20161	Kansas	8	19	53	Riley
28015	Mississippi	3	1	4	Carroll
48363	Texas	1	2	4	Palo Pinto
28113	Mississippi	24	30	48	Pike
48187	Texas	15	6	25	Guadalupe
54021	West Virginia	2	3	5	Gilmer
55037	Wisconsin	0	0	1	Florence
13305	Georgia	2	2	3	Wayne
13011	Georgia	2	3	5	Banks
13135	Georgia	121	101	222	Gwinnett
45049	South Carolina	16	17	35	Hampton
26103	Michigan	7	1	14	Marquette
38059	North Dakota	4	5	34	Morton
51137	Virginia	8	3	12	Orange
27063	Minnesota	0	1	1	Jackson
19039	Iowa	2	0	1	Clarke
32019	Nevada	10	16	23	Lyon
35035	New Mexico	8	6	15	Otero
26025	Michigan	24	88	215	Calhoun
29107	Missouri	2	1	4	Lafayette
47087	Tennessee	48	156	342	Jackson
16085	Idaho	0	0	2	Valley
51073	Virginia	5	6	11	Gloucester
12069	Florida	49	79	226	Lake
12071	Florida	146	303	713	Lee
54067	West Virginia	3	5	9	Nicholas
26043	Michigan	3	4	5	Dickinson
28145	Mississippi	5	6	11	Union
27007	Minnesota	4	7	53	Beltrami
28041	Mississippi	0	1	2	Greene
51650	Virginia	67	258	360	Hampton
37163	North Carolina	14	21	30	Sampson
22017	Louisiana	164	578	876	Caddo
47097	Tennessee	4	5	6	Lauderdale
51520	Virginia	4	3	14	Bristol
47099	Tennessee	3	3	12	Lawrence
25001	Massachusetts	6	23	130	Barnstable
42097	Pennsylvania	9	14	33	Northumberland
49035	Utah	138	281	663	Salt Lake
19069	Iowa	1	0	3	Franklin
17089	Illinois	43	124	286	Kane
49025	Utah	1	0	3	Kane
48157	Texas	65	37	111	Fort Bend
35017	New Mexico	8	8	15	Grant
31019	Nebraska	1	1	3	Buffalo
40029	Oklahoma	0	1	3	Coal
48101	Texas	0	1	1	Cottle
5035	Arkansas	10	13	17	Crittenden
38025	North Dakota	0	1	1	Dunn
26039	Michigan	0	0	1	Crawford
5017	Arkansas	1	2	3	Chicot
47107	Tennessee	18	18	49	McMinn
34007	New Jersey	143	119	373	Camden
41031	Oregon	4	6	13	Jefferson
48065	Texas	1	1	2	Carson
54037	West Virginia	8	3	9	Jefferson
47063	Tennessee	3	9	20	Hamblen
20065	Kansas	3	0	1	Graham
38081	North Dakota	0	2	2	Sargent
40033	Oklahoma	3	1	4	Cotton
56043	Wyoming	1	1	3	Washakie
48003	Texas	0	2	5	Andrews
47091	Tennessee	1	1	3	Johnson
47075	Tennessee	7	29	47	Haywood
13277	Georgia	15	14	50	Tift
55029	Wisconsin	1	1	4	Door
28151	Mississippi	28	32	54	Washington
21147	Kentucky	2	4	5	McCreary
16049	Idaho	1	1	3	Idaho
2122	Alaska	17	12	84	Kenai Peninsula
6053	California	149	207	500	Monterey
13003	Georgia	2	1	2	Atkinson
51163	Virginia	2	0	3	Rockbridge
29009	Missouri	5	1	14	Barry
31125	Nebraska	1	0	1	Nance
36101	New York	0	3	25	Steuben
24003	Maryland	59	116	415	Anne Arundel
53009	Washington	5	2	21	Clallam
37127	North Carolina	43	96	152	Nash
5111	Arkansas	3	10	21	Poinsett
39023	Ohio	43	107	205	Clark
48391	Texas	0	0	1	Refugio
13037	Georgia	6	3	12	Calhoun
13143	Georgia	2	2	4	Haralson
27099	Minnesota	1	8	55	Mower
17093	Illinois	1	1	12	Kendall
26065	Michigan	45	120	211	Ingham
26165	Michigan	1	3	6	Wexford
54047	West Virginia	13	10	23	McDowell
12101	Florida	36	53	132	Pasco
12013	Florida	1	6	7	Calhoun
21161	Kentucky	0	3	2	Mason
30089	Montana	4	1	4	Sanders
36055	New York	110	551	795	Monroe
17141	Illinois	0	2	7	Ogle
41033	Oregon	20	30	68	Josephine
51600	Virginia	25	34	81	Fairfax
51027	Virginia	8	5	13	Buchanan
35049	New Mexico	16	17	151	Santa Fe
46023	South Dakota	7	2	8	Charles Mix
29159	Missouri	4	8	15	Pettis
40075	Oklahoma	3	1	4	Kiowa
15003	Hawaii	26	52	127	Honolulu
17069	Illinois	1	0	4	Hardin
27087	Minnesota	3	3	5	Mahnomen
36109	New York	2	11	48	Tompkins
5117	Arkansas	1	0	1	Prairie
39075	Ohio	2	0	1	Holmes
54001	West Virginia	1	3	8	Barbour
13197	Georgia	1	0	1	Marion
27089	Minnesota	1	0	2	Marshall
8065	Colorado	0	0	1	Lake
13119	Georgia	9	2	10	Franklin
38045	North Dakota	1	0	1	LaMoure
51685	Virginia	0	0	1	Manassas Park
21135	Kentucky	3	2	4	Lewis
47013	Tennessee	5	6	16	Campbell
28081	Mississippi	28	48	104	Lee
41007	Oregon	5	1	8	Clatsop
48425	Texas	1	0	1	Somervell
36011	New York	1	4	26	Cayuga
21041	Kentucky	2	0	1	Carroll
15007	Hawaii	6	5	15	Kauai
49029	Utah	0	1	2	Morgan
37111	North Carolina	13	17	60	McDowell
29087	Missouri	0	0	1	Holt
41011	Oregon	6	6	22	Coos
13103	Georgia	6	19	80	Effingham
54099	West Virginia	3	1	11	Wayne
4025	Arizona	23	16	46	Yavapai
34005	New Jersey	36	78	209	Burlington
38067	North Dakota	0	3	3	Pembina
17073	Illinois	8	1	10	Henry
19113	Iowa	28	85	251	Linn
18131	Indiana	1	0	1	Pulaski
48443	Texas	6	11	19	Terrell
39095	Ohio	117	614	832	Lucas
45003	South Carolina	63	154	455	Aiken
9013	Connecticut	3	10	43	Tolland
46033	South Dakota	1	0	3	Custer
12011	Florida	279	363	787	Broward
32015	Nevada	1	0	1	Lander
39049	Ohio	468	935	1416	Franklin
46081	South Dakota	1	0	5	Lawrence
18175	Indiana	12	3	19	Washington
47085	Tennessee	5	4	7	Humphreys
51131	Virginia	2	4	4	Northampton
29045	Missouri	0	1	1	Clark
54065	West Virginia	3	0	2	Morgan
31131	Nebraska	0	0	2	Otoe
26145	Michigan	60	170	257	Saginaw
38041	North Dakota	0	0	1	Hettinger
33019	New Hampshire	1	2	14	Sullivan
8015	Colorado	1	1	2	Chaffee
40105	Oklahoma	0	3	4	Nowata
51185	Virginia	3	4	11	Tazewell
5071	Arkansas	5	3	11	Johnson
17119	Illinois	32	61	196	Madison
8059	Colorado	25	31	80	Jefferson
13291	Georgia	2	0	1	Union
31021	Nebraska	2	0	2	Burt
32007	Nevada	10	5	32	Elko
18173	Indiana	6	3	12	Warrick
29185	Missouri	0	1	2	St. Clair
18013	Indiana	0	5	5	Brown
54049	West Virginia	14	12	44	Marion
6025	California	10	10	38	Imperial
13285	Georgia	23	95	235	Troup
27095	Minnesota	4	1	16	Mille Lacs
26045	Michigan	6	0	12	Eaton
46005	South Dakota	0	0	3	Beadle
5109	Arkansas	1	0	1	Pike
31067	Nebraska	0	3	7	Gage
51570	Virginia	3	8	17	Colonial Heights
27111	Minnesota	4	5	18	Otter Tail
29123	Missouri	0	1	2	Madison
42077	Pennsylvania	51	117	230	Lehigh
22001	Louisiana	28	35	68	Acadia
24015	Maryland	13	14	27	Cecil
40047	Oklahoma	6	19	64	Garfield
29169	Missouri	4	7	14	Pulaski
46093	South Dakota	2	4	9	Meade
12001	Florida	30	77	239	Alachua
28067	Mississippi	12	25	70	Jones
36075	New York	2	2	17	Oswego
49001	Utah	3	0	3	Beaver
50027	Vermont	4	7	28	Windsor
13129	Georgia	4	0	7	Gordon
47135	Tennessee	3	0	4	Perry
46009	South Dakota	0	2	2	Bon Homme
29221	Missouri	6	4	15	Washington
36053	New York	1	1	6	Madison
48325	Texas	6	5	10	Medina
13265	Georgia	0	0	2	Taliaferro
40111	Oklahoma	19	12	26	Okmulgee
19139	Iowa	1	10	40	Muscatine
13053	Georgia	1	0	3	Chattahoochee
51025	Virginia	0	7	1	Brunswick
36061	New York	96	349	524	New York
13019	Georgia	3	2	6	Berrien
5005	Arkansas	8	7	39	Baxter
29161	Missouri	4	7	13	Phelps
17171	Illinois	6	2	2	Scott
36031	New York	0	4	9	Essex
47055	Tennessee	2	1	6	Giles
37113	North Carolina	1	4	5	Macon
55081	Wisconsin	7	6	22	Monroe
18005	Indiana	13	10	43	Bartholomew
19059	Iowa	2	2	5	Dickinson
27047	Minnesota	2	4	64	Freeborn
51169	Virginia	3	3	6	Scott
45075	South Carolina	45	124	301	Orangeburg
31139	Nebraska	0	0	1	Pierce
39027	Ohio	0	1	4	Clinton
13267	Georgia	1	2	3	Tattnall
51179	Virginia	18	20	52	Stafford
2170	Alaska	32	30	172	Matanuska-Susitna
17179	Illinois	14	7	35	Tazewell
29211	Missouri	2	3	9	Sullivan
22015	Louisiana	23	37	105	Bossier
26063	Michigan	5	2	8	Huron
22057	Louisiana	24	32	88	Lafourche
29093	Missouri	2	1	2	Iron
48249	Texas	9	5	19	Jim Wells
24023	Maryland	0	1	4	Garrett
37017	North Carolina	15	21	52	Bladen
1105	Alabama	3	1	6	Perry
1023	Alabama	1	3	5	Choctaw
36027	New York	18	53	191	Dutchess
48137	Texas	0	1	2	Edwards
1133	Alabama	0	1	2	Winston
13255	Georgia	12	10	24	Spalding
5125	Arkansas	1	2	12	Saline
30047	Montana	6	4	12	Lake
18161	Indiana	1	0	2	Union
17187	Illinois	1	1	4	Warren
6071	California	319	329	784	San Bernardino
54031	West Virginia	1	0	1	Hardy
30035	Montana	1	2	3	Glacier
26105	Michigan	2	1	5	Mason
55095	Wisconsin	2	2	5	Polk
28163	Mississippi	18	11	25	Yazoo
55127	Wisconsin	8	2	16	Walworth
42131	Pennsylvania	7	0	6	Wyoming
23007	Maine	5	2	27	Franklin
16013	Idaho	1	0	2	Blaine
45005	South Carolina	10	19	26	Allendale
29017	Missouri	3	1	6	Bollinger
37125	North Carolina	14	40	58	Moore
27125	Minnesota	1	0	5	Red Lake
21061	Kentucky	0	0	3	Edmonson
47113	Tennessee	16	46	90	Madison
37023	North Carolina	16	11	34	Burke
51059	Virginia	0	0	1	Fairfax
18113	Indiana	5	3	15	Noble
55113	Wisconsin	9	2	13	Sawyer
29217	Missouri	6	1	15	Vernon
40009	Oklahoma	4	1	7	Beckham
22105	Louisiana	47	36	116	Tangipahoa
38085	North Dakota	1	0	1	Sioux
54035	West Virginia	1	0	6	Jackson
45017	South Carolina	5	5	21	Calhoun
37143	North Carolina	0	3	3	Perquimans
17059	Illinois	0	1	1	Gallatin
4005	Arizona	24	16	45	Coconino
13133	Georgia	2	0	2	Greene
39115	Ohio	0	1	3	Morgan
19075	Iowa	0	0	2	Grundy
31037	Nebraska	2	1	3	Colfax
6021	California	3	5	14	Glenn
1025	Alabama	1	1	1	Clarke
47031	Tennessee	3	10	16	Coffee
13083	Georgia	0	0	3	Dade
28003	Mississippi	16	27	40	Alcorn
46091	South Dakota	0	0	1	Marshall
13167	Georgia	0	6	4	Johnson
48255	Texas	0	0	1	Karnes
38033	North Dakota	1	2	2	Golden Valley
16019	Idaho	7	7	63	Bonneville
18041	Indiana	0	2	4	Fayette
39155	Ohio	13	8	32	Trumbull
25003	Massachusetts	10	34	187	Berkshire
40031	Oklahoma	31	76	131	Comanche
47035	Tennessee	9	2	8	Cumberland
12131	Florida	2	9	41	Walton
13169	Georgia	3	1	3	Jones
51053	Virginia	4	12	18	Dinwiddie
36029	New York	174	600	1058	Erie
15001	Hawaii	24	20	120	Hawaii
29111	Missouri	1	0	2	Lewis
37101	North Carolina	20	27	43	Johnston
30011	Montana	2	0	1	Carter
54019	West Virginia	11	23	64	Fayette
24025	Maryland	31	34	71	Harford
40081	Oklahoma	3	8	10	Lincoln
12035	Florida	18	25	113	Flagler
46095	South Dakota	0	0	1	Mellette
29059	Missouri	4	1	5	Dallas
35009	New Mexico	6	14	36	Curry
55047	Wisconsin	4	1	8	Green Lake
20131	Kansas	0	1	1	Nemaha
16077	Idaho	0	1	1	Power
13243	Georgia	0	1	1	Randolph
6023	California	42	69	357	Humboldt
36043	New York	10	5	9	Herkimer
51061	Virginia	5	4	12	Fauquier
19169	Iowa	5	10	21	Story
51193	Virginia	0	2	2	Westmoreland
38017	North Dakota	12	13	109	Cass
21017	Kentucky	2	8	8	Bourbon
21183	Kentucky	2	7	18	Ohio
51195	Virginia	8	5	16	Wise
39085	Ohio	9	14	44	Lake
45077	South Carolina	33	24	64	Pickens
13067	Georgia	115	92	230	Cobb
42129	Pennsylvania	38	58	151	Westmoreland
53005	Washington	20	12	84	Benton
48029	Texas	558	1076	1716	Bexar
51840	Virginia	3	3	10	Winchester
16045	Idaho	2	3	5	Gem
48491	Texas	24	16	84	Williamson
49039	Utah	2	1	4	Sanpete
37161	North Carolina	8	14	25	Rutherford
40037	Oklahoma	13	12	28	Creek
27119	Minnesota	3	7	11	Polk
48039	Texas	31	28	83	Brazoria
51109	Virginia	7	8	16	Louisa
31127	Nebraska	0	1	1	Nemaha
49021	Utah	4	3	16	Iron
6109	California	2	5	12	Tuolumne
41017	Oregon	10	10	39	Deschutes
16015	Idaho	23	14	111	Boise
31029	Nebraska	1	1	2	Chase
40097	Oklahoma	4	7	14	Mayes
48289	Texas	3	2	4	Leon
19147	Iowa	0	1	2	Palo Alto
22111	Louisiana	4	6	17	Union
26077	Michigan	36	86	192	Kalamazoo
17191	Illinois	1	1	4	Wayne
39135	Ohio	6	5	18	Preble
29061	Missouri	0	1	1	Daviess
34017	New Jersey	83	346	706	Hudson
17005	Illinois	0	1	1	Bond
12063	Florida	17	15	77	Jackson
47105	Tennessee	8	1	12	Loudon
39021	Ohio	2	4	8	Champaign
16039	Idaho	5	3	8	Elmore
25011	Massachusetts	3	8	32	Franklin
13061	Georgia	2	0	1	Clay
12075	Florida	12	10	17	Levy
56021	Wyoming	21	17	70	Laramie
31155	Nebraska	1	1	5	Saunders
19175	Iowa	0	0	2	Union
56003	Wyoming	1	1	2	Big Horn
37065	North Carolina	9	11	29	Edgecombe
17135	Illinois	3	9	18	Montgomery
17127	Illinois	3	5	12	Massac
47019	Tennessee	5	17	27	Carter
47049	Tennessee	0	0	1	Fentress
21045	Kentucky	2	2	6	Casey
31119	Nebraska	0	2	9	Madison
48247	Texas	0	1	3	Jim Hogg
47155	Tennessee	9	6	25	Sevier
4021	Arizona	35	31	59	Pinal
8087	Colorado	0	1	1	Morgan
46031	South Dakota	0	0	1	Corson
48445	Texas	3	2	3	Terry
22021	Louisiana	0	2	3	Caldwell
6097	California	26	52	126	Sonoma
45079	South Carolina	157	400	682	Richland
20079	Kansas	9	19	10	Harvey
53019	Washington	0	1	1	Ferry
19121	Iowa	0	4	8	Madison
31095	Nebraska	1	0	1	Jefferson
36115	New York	0	4	26	Washington
8073	Colorado	0	0	2	Lincoln
47165	Tennessee	18	17	63	Sumner
36111	New York	15	21	141	Ulster
42091	Pennsylvania	50	57	126	Montgomery
31059	Nebraska	0	1	1	Fillmore
37027	North Carolina	8	4	16	Caldwell
39171	Ohio	2	0	3	Williams
26089	Michigan	1	0	6	Leelanau
55067	Wisconsin	1	3	3	Langlade
29113	Missouri	3	6	26	Lincoln
36103	New York	63	186	360	Suffolk
29195	Missouri	3	1	7	Saline
18025	Indiana	2	2	4	Crawford
28023	Mississippi	4	3	8	Clarke
31001	Nebraska	2	1	9	Adams
51610	Virginia	5	8	22	Falls Church
37021	North Carolina	41	83	193	Buncombe
46065	South Dakota	0	2	6	Hughes
51678	Virginia	1	0	2	Lexington
28017	Mississippi	3	14	22	Chickasaw
31065	Nebraska	0	0	2	Furnas
48011	Texas	2	1	2	Armstrong
16081	Idaho	1	1	4	Teton
45001	South Carolina	5	7	13	Abbeville
18009	Indiana	2	0	1	Blackford
1019	Alabama	11	9	18	Cherokee
12047	Florida	3	0	3	Hamilton
5113	Arkansas	1	1	3	Polk
24009	Maryland	2	3	15	Calvert
2060	Alaska	1	0	1	Bristol Bay
17153	Illinois	1	5	4	Pulaski
47089	Tennessee	4	5	10	Jefferson
51035	Virginia	3	6	14	Carroll
8093	Colorado	6	5	7	Park
20001	Kansas	0	0	1	Allen
46137	South Dakota	0	0	1	Ziebach
16005	Idaho	13	14	51	Bannock
36069	New York	5	10	42	Ontario
19167	Iowa	0	1	5	Sioux
32023	Nevada	2	6	25	Nye
35011	New Mexico	1	1	1	De Baca
5063	Arkansas	2	6	13	Independence
48079	Texas	0	1	1	Cochran
13301	Georgia	4	4	8	Warren
17095	Illinois	5	8	16	Knox
54103	West Virginia	1	0	2	Wetzel
1099	Alabama	0	1	3	Monroe
16009	Idaho	2	2	6	Benewah
47061	Tennessee	3	3	8	Grundy
32510	Nevada	6	6	28	Carson City
40107	Oklahoma	1	0	1	Okfuskee
32001	Nevada	2	0	2	Churchill
13307	Georgia	1	0	1	Webster
19193	Iowa	9	35	91	Woodbury
6003	California	2	1	4	Alpine
13017	Georgia	4	2	6	Ben Hill
42005	Pennsylvania	4	4	16	Armstrong
46041	South Dakota	2	1	6	Dewey
40071	Oklahoma	1	3	6	Kay
20087	Kansas	4	2	7	Jefferson
13055	Georgia	4	4	9	Chattooga
29151	Missouri	0	0	2	Osage
28087	Mississippi	25	54	109	Lowndes
28027	Mississippi	18	13	24	Coahoma
55123	Wisconsin	1	5	8	Vernon
13069	Georgia	0	2	4	Coffee
27171	Minnesota	3	0	8	Wright
30023	Montana	8	1	8	Deer Lodge
54023	West Virginia	0	0	1	Grant
37049	North Carolina	23	56	116	Craven
54077	West Virginia	4	3	15	Preston
42065	Pennsylvania	1	2	5	Jefferson
29021	Missouri	19	32	75	Buchanan
47189	Tennessee	11	26	71	Wilson
47187	Tennessee	6	4	12	Williamson
13251	Georgia	5	0	6	Screven
1007	Alabama	7	3	9	Bibb
13231	Georgia	0	0	1	Pike
31145	Nebraska	0	0	2	Red Willow
51171	Virginia	4	3	6	Shenandoah
29189	Missouri	0	2	3	St. Louis
40073	Oklahoma	1	1	3	Kingfisher
16087	Idaho	1	1	2	Washington
19115	Iowa	1	0	1	Louisa
40011	Oklahoma	1	1	2	Blaine
21099	Kentucky	6	3	10	Hart
35043	New Mexico	16	13	34	Sandoval
4003	Arizona	12	18	47	Cochise
16017	Idaho	5	11	24	Bonner
12039	Florida	3	7	13	Gadsden
30021	Montana	1	0	1	Dawson
40085	Oklahoma	1	4	6	Love
13213	Georgia	1	2	3	Murray
19073	Iowa	0	1	1	Greene
48421	Texas	6	3	11	Sherman
13263	Georgia	0	0	2	Talbot
48035	Texas	0	1	1	Bosque
48435	Texas	0	1	1	Sutton
20193	Kansas	1	0	1	Thomas
48457	Texas	33	44	125	Tyler
21083	Kentucky	8	9	36	Graves
42001	Pennsylvania	7	7	19	Adams
13073	Georgia	6	11	35	Columbia
48215	Texas	58	49	106	Hidalgo
28139	Mississippi	10	5	14	Tippah
28141	Mississippi	5	14	19	Tishomingo
19025	Iowa	1	0	1	Calhoun
48293	Texas	1	0	2	Limestone
5001	Arkansas	6	3	8	Arkansas
48287	Texas	0	1	2	Lee
40035	Oklahoma	1	1	3	Craig
17121	Illinois	9	19	69	Marion
25023	Massachusetts	22	127	550	Plymouth
37183	North Carolina	124	243	477	Wake
40123	Oklahoma	7	9	21	Pontotoc
40079	Oklahoma	8	7	13	Le Flore
54005	West Virginia	3	4	11	Boone
26157	Michigan	0	2	6	Tuscola
48449	Texas	3	7	9	Titus
22063	Louisiana	18	15	52	Livingston
53033	Washington	271	528	1212	King
47163	Tennessee	20	39	112	Sullivan
26139	Michigan	7	12	49	Ottawa
6001	California	402	935	1825	Alameda
2105	Alaska	0	0	2	Hoonah-Angoon
22123	Louisiana	3	0	2	West Carroll
34041	New Jersey	8	3	14	Warren
47039	Tennessee	4	1	5	Decatur
19109	Iowa	0	0	1	Kossuth
56009	Wyoming	4	1	8	Converse
47009	Tennessee	9	11	55	Blount
22003	Louisiana	2	2	4	Allen
20061	Kansas	9	9	25	Geary
41065	Oregon	1	3	7	Wasco
42127	Pennsylvania	8	5	15	Wayne
28085	Mississippi	26	19	29	Lincoln
18163	Indiana	42	126	341	Vanderburgh
18133	Indiana	1	4	10	Putnam
29003	Missouri	1	0	2	Andrew
29065	Missouri	2	0	2	Dent
1117	Alabama	10	16	43	Shelby
16083	Idaho	13	7	28	Twin Falls
16031	Idaho	3	0	5	Cassia
40041	Oklahoma	6	10	15	Delaware
48279	Texas	2	2	5	Lamb
5147	Arkansas	0	1	1	Woodruff
41053	Oregon	3	3	9	Polk
22077	Louisiana	10	8	16	Pointe Coupee
47071	Tennessee	3	10	10	Hardin
24005	Maryland	1	2	9	Baltimore
29055	Missouri	2	1	4	Crawford
41051	Oregon	118	334	992	Multnomah
29119	Missouri	6	4	11	McDonald
20203	Kansas	130	339	791	Wichita
47001	Tennessee	9	10	46	Anderson
21013	Kentucky	7	4	21	Bell
16073	Idaho	2	0	3	Owyhee
34031	New Jersey	83	318	633	Passaic
36005	New York	227	588	845	Bronx
5133	Arkansas	5	0	4	Sevier
54055	West Virginia	19	36	89	Mercer
20125	Kansas	6	8	15	Montgomery
53065	Washington	4	3	8	Stevens
8071	Colorado	5	1	5	Las Animas
51051	Virginia	1	4	4	Dickenson
17057	Illinois	2	3	5	Fulton
42021	Pennsylvania	31	32	83	Cambria
8045	Colorado	5	5	19	Garfield
51175	Virginia	0	1	2	Southampton
20179	Kansas	0	0	1	Sheridan
47045	Tennessee	3	38	48	Dyer
41045	Oregon	6	8	18	Malheur
54061	West Virginia	17	28	70	Monongalia
37147	North Carolina	34	168	370	Pitt
48395	Texas	2	3	6	Robertson
39151	Ohio	77	98	296	Stark
12097	Florida	40	44	106	Osceola
53037	Washington	2	0	6	Kittitas
46045	South Dakota	0	1	1	Edmunds
37077	North Carolina	6	6	14	Granville
1073	Alabama	555	870	1468	Jefferson
20209	Kansas	140	130	233	Wyandotte
8029	Colorado	1	0	6	Delta
50001	Vermont	1	5	53	Addison
55059	Wisconsin	19	37	66	Kenosha
22047	Louisiana	14	12	26	Iberville
48037	Texas	24	41	69	Bowie
41013	Oregon	4	4	8	Crook
21173	Kentucky	1	0	3	Montgomery
51683	Virginia	6	30	43	Manassas
20171	Kansas	1	0	1	Scott
47077	Tennessee	7	8	20	Henderson
47137	Tennessee	2	0	1	Pickett
19071	Iowa	0	1	2	Fremont
36007	New York	12	27	100	Broome
36015	New York	10	26	72	Chemung
19065	Iowa	5	3	16	Fayette
20135	Kansas	0	0	1	Ness
12059	Florida	3	4	13	Holmes
24001	Maryland	4	11	29	Allegany
54043	West Virginia	2	4	9	Lincoln
5149	Arkansas	4	1	6	Yell
37173	North Carolina	2	0	2	Swain
38061	North Dakota	1	1	4	Mountrail
48049	Texas	5	2	15	Brown
28127	Mississippi	6	6	11	Simpson
31033	Nebraska	3	0	2	Cheyenne
42015	Pennsylvania	6	5	28	Bradford
55103	Wisconsin	0	0	4	Richland
23025	Maine	10	3	178	Somerset
5067	Arkansas	6	5	14	Jackson
27039	Minnesota	0	0	1	Dodge
51710	Virginia	152	492	622	Norfolk
55107	Wisconsin	2	0	4	Rusk
41039	Oregon	39	40	149	Lane
33005	New Hampshire	4	4	48	Cheshire
13279	Georgia	6	5	13	Toombs
55061	Wisconsin	0	0	1	Kewaunee
29033	Missouri	1	2	2	Carroll
47143	Tennessee	2	1	6	Rhea
49043	Utah	1	2	5	Summit
21175	Kentucky	1	2	4	Morgan
39041	Ohio	7	5	14	Delaware
48181	Texas	5	4	10	Grayson
16021	Idaho	0	0	2	Boundary
13057	Georgia	15	17	36	Cherokee
17117	Illinois	2	3	6	Macoupin
26149	Michigan	8	2	7	St. Joseph
22037	Louisiana	7	2	7	East Feliciana
54017	West Virginia	0	1	2	Doddridge
47129	Tennessee	3	3	7	Morgan
19197	Iowa	0	3	2	Wright
28123	Mississippi	9	6	14	Scott
51161	Virginia	0	1	1	Roanoke
6077	California	182	256	625	San Joaquin
16027	Idaho	24	24	100	Canyon
13027	Georgia	2	0	1	Brooks
45031	South Carolina	25	64	134	Darlington
48427	Texas	13	6	14	Starr
20055	Kansas	4	2	10	Finney
6033	California	11	9	22	Lake
48005	Texas	15	22	83	Angelina
28009	Mississippi	1	1	2	Benton
28033	Mississippi	1	0	1	DeSoto
47149	Tennessee	31	89	235	Rutherford
21001	Kentucky	1	3	4	Adair
50011	Vermont	2	6	30	Franklin
40005	Oklahoma	6	1	9	Atoka
50007	Vermont	8	16	97	Chittenden
6085	California	152	144	369	Santa Clara
6029	California	227	362	789	Kern
22027	Louisiana	2	1	3	Claiborne
21203	Kentucky	4	0	8	Rockcastle
18159	Indiana	0	1	1	Tipton
47121	Tennessee	0	1	1	Meigs
12029	Florida	5	1	6	Dixie
48295	Texas	1	0	1	Lipscomb
40061	Oklahoma	1	2	3	Haskell
24033	Maryland	286	203	497	Prince George's
31157	Nebraska	0	4	12	Scotts Bluff
48381	Texas	3	1	7	Randall
5101	Arkansas	3	0	2	Newton
21097	Kentucky	8	1	11	Harrison
12077	Florida	3	0	4	Liberty
48069	Texas	0	0	2	Castro
55011	Wisconsin	0	0	3	Buffalo
37135	North Carolina	10	22	49	Orange
36119	New York	45	99	173	Westchester
20133	Kansas	1	0	3	Neosho
48185	Texas	10	3	12	Grimes
1067	Alabama	1	2	3	Henry
40053	Oklahoma	2	5	4	Grant
51720	Virginia	0	3	3	Norton
47047	Tennessee	3	5	7	Fayette
40121	Oklahoma	10	12	33	Pittsburg
40083	Oklahoma	6	6	22	Logan
24041	Maryland	1	0	2	Talbot
48105	Texas	0	1	10	Crockett
48013	Texas	8	3	21	Atascosa
28071	Mississippi	8	10	35	Lafayette
12037	Florida	3	5	13	Franklin
54011	West Virginia	32	119	230	Cabell
48315	Texas	1	3	5	Marion
19155	Iowa	8	29	82	Pottawattamie
51001	Virginia	11	18	22	Accomack
18129	Indiana	0	5	6	Posey
48231	Texas	9	8	14	Hunt
39077	Ohio	2	4	10	Huron
18105	Indiana	9	19	48	Monroe
38053	North Dakota	0	3	16	McKenzie
48083	Texas	0	0	1	Coleman
49053	Utah	6	7	37	Washington
39083	Ohio	7	1	9	Knox
37079	North Carolina	6	3	8	Greene
40067	Oklahoma	0	1	3	Jefferson
8047	Colorado	2	1	3	Gilpin
5135	Arkansas	1	4	13	Sharp
13247	Georgia	10	10	34	Rockdale
48259	Texas	2	1	5	Kendall
20095	Kansas	1	0	1	Kingman
19029	Iowa	0	0	1	Cass
26119	Michigan	2	0	2	Montmorency
45047	South Carolina	14	30	51	Greenwood
13295	Georgia	10	7	25	Walker
1081	Alabama	54	52	130	Lee
19145	Iowa	0	2	2	Page
48377	Texas	0	2	1	Presidio
46109	South Dakota	4	1	3	Roberts
21007	Kentucky	3	4	10	Ballard
20181	Kansas	0	1	2	Sherman
29053	Missouri	4	1	12	Cooper
41027	Oregon	3	4	9	Hood River
39079	Ohio	4	4	8	Jackson
55111	Wisconsin	3	2	23	Sauk
48199	Texas	6	8	12	Hardin
40045	Oklahoma	0	1	1	Ellis
26075	Michigan	21	65	140	Jackson
27001	Minnesota	3	0	5	Aitkin
17181	Illinois	0	0	3	Union
53071	Washington	6	2	14	Walla Walla
29139	Missouri	2	1	4	Montgomery
29163	Missouri	2	2	8	Pike
36095	New York	0	0	6	Schoharie
47017	Tennessee	4	3	8	Carroll
39099	Ohio	64	112	348	Mahoning
33003	New Hampshire	1	3	14	Carroll
47125	Tennessee	55	98	188	Montgomery
1071	Alabama	12	11	25	Jackson
42117	Pennsylvania	4	5	12	Tioga
1131	Alabama	9	3	11	Wilcox
36001	New York	25	122	254	Albany
42115	Pennsylvania	2	4	14	Susquehanna
22115	Louisiana	7	3	14	Vernon
54081	West Virginia	20	53	112	Raleigh
34033	New Jersey	6	27	52	Salem
18067	Indiana	13	19	53	Howard
2068	Alaska	2	0	7	Denali
27005	Minnesota	1	8	17	Becker
20035	Kansas	6	8	15	Cowley
48127	Texas	3	1	3	Dimmit
21049	Kentucky	7	10	15	Clark
39047	Ohio	0	2	2	Fayette
28013	Mississippi	5	6	12	Calhoun
51510	Virginia	18	47	84	Alexandria
56013	Wyoming	8	5	16	Fremont
26151	Michigan	3	2	13	Sanilac
29219	Missouri	1	2	8	Warren
17131	Illinois	0	0	1	Mercer
54051	West Virginia	2	1	7	Marshall
10003	Delaware	169	699	1186	New Castle
46097	South Dakota	0	1	1	Miner
29085	Missouri	0	2	2	Hickory
48145	Texas	0	2	4	Falls
55063	Wisconsin	4	16	55	La Crosse
51097	Virginia	1	0	1	King and Queen
41019	Oregon	33	19	37	Douglas
48071	Texas	3	4	8	Chambers
30041	Montana	0	1	2	Hill
17071	Illinois	2	2	6	Henderson
40131	Oklahoma	14	9	49	Rogers
54029	West Virginia	3	4	8	Hancock
20151	Kansas	1	5	7	Pratt
6015	California	2	9	9	Del Norte
55017	Wisconsin	5	2	16	Chippewa
39087	Ohio	8	4	14	Lawrence
23011	Maine	18	20	150	Kennebec
21031	Kentucky	3	0	4	Butler
51530	Virginia	1	0	1	Buena Vista
27053	Minnesota	179	474	819	Hennepin
39127	Ohio	8	1	9	Perry
42119	Pennsylvania	0	1	3	Union
19183	Iowa	1	3	7	Washington
39017	Ohio	24	56	149	Butler
5029	Arkansas	13	18	40	Conway
55125	Wisconsin	2	0	2	Vilas
41037	Oregon	2	0	1	Lake
41061	Oregon	0	1	2	Union
17085	Illinois	1	1	5	Jo Daviess
13185	Georgia	24	76	170	Lowndes
50017	Vermont	3	1	17	Orange
46103	South Dakota	19	24	92	Pennington
56035	Wyoming	0	0	1	Sublette
1003	Alabama	28	22	88	Baldwin
13275	Georgia	5	13	48	Thomas
29177	Missouri	0	0	1	Ray
30057	Montana	0	3	3	Madison
2261	Alaska	1	0	8	Valdez-Cordova
8083	Colorado	1	3	5	Montezuma
51690	Virginia	4	18	29	Martinsville
46037	South Dakota	2	0	2	Day
53007	Washington	6	4	10	Chelan
28059	Mississippi	281	621	981	Jackson
21215	Kentucky	5	1	8	Spencer
1069	Alabama	26	54	96	Houston
21035	Kentucky	7	3	23	Calloway
53039	Washington	3	2	4	Klickitat
26051	Michigan	3	5	8	Gladwin
37141	North Carolina	6	10	20	Pender
39175	Ohio	0	2	3	Wyandot
48323	Texas	1	0	2	Maverick
47167	Tennessee	5	8	22	Tipton
9005	Connecticut	11	5	38	Litchfield
29099	Missouri	22	22	63	Jefferson
17169	Illinois	1	0	1	Schuyler
28111	Mississippi	1	2	5	Perry
48355	Texas	93	194	600	Nueces
6067	California	269	380	643	Sacramento
18073	Indiana	0	5	10	Jasper
13211	Georgia	0	1	1	Morgan
40057	Oklahoma	0	0	2	Harmon
21021	Kentucky	2	6	17	Boyle
49037	Utah	3	1	5	San Juan
37149	North Carolina	1	0	3	Polk
44009	Rhode Island	0	1	28	Washington
13001	Georgia	10	2	8	Appling
20023	Kansas	0	1	2	Cheyenne
16075	Idaho	2	3	5	Payette
19093	Iowa	0	0	2	Ida
24047	Maryland	7	6	19	Worcester
27153	Minnesota	0	1	2	Todd
39139	Ohio	15	19	37	Richland
20175	Kansas	2	6	5	Seward
48111	Texas	1	1	3	Dallam
29049	Missouri	7	5	7	Clinton
19089	Iowa	1	0	2	Howard
2150	Alaska	2	0	17	Kodiak Island
55131	Wisconsin	2	3	28	Washington
29510	Missouri	916	1782	2498	St. Louis
48059	Texas	1	0	6	Callahan
28029	Mississippi	10	12	26	Copiah
54101	West Virginia	1	1	5	Webster
18071	Indiana	6	3	30	Jackson
28025	Mississippi	2	15	17	Clay
12113	Florida	24	19	67	Santa Rosa
39053	Ohio	1	6	9	Gallia
48401	Texas	9	3	14	Rusk
21171	Kentucky	1	1	2	Monroe
22013	Louisiana	1	3	5	Bienville
28159	Mississippi	6	10	12	Winston
51199	Virginia	8	7	26	York
47131	Tennessee	1	5	11	Obion
21047	Kentucky	18	27	139	Christian
54091	West Virginia	4	4	12	Taylor
21067	Kentucky	81	405	852	Fayette
48229	Texas	1	1	2	Hudspeth
42111	Pennsylvania	6	2	15	Somerset
48241	Texas	2	4	7	Jasper
55139	Wisconsin	13	14	59	Winnebago
31099	Nebraska	0	4	16	Kearney
28119	Mississippi	3	2	5	Quitman
21225	Kentucky	4	3	9	Union
13219	Georgia	4	7	50	Oconee
27037	Minnesota	17	12	62	Dakota
23005	Maine	16	25	121	Cumberland
51760	Virginia	245	696	995	Richmond
20143	Kansas	2	1	6	Ottawa
42029	Pennsylvania	86	166	219	Chester
20117	Kansas	0	0	2	Marshall
17025	Illinois	0	1	1	Clay
48107	Texas	8	11	16	Crosby
12093	Florida	6	19	45	Okeechobee
6061	California	19	22	62	Placer
30059	Montana	0	0	1	Meagher
8039	Colorado	3	1	7	Elbert
20189	Kansas	0	1	1	Stevens
1075	Alabama	2	1	3	Lamar
40143	Oklahoma	285	604	1357	Tulsa
19191	Iowa	2	0	3	Winneshiek
36063	New York	21	87	261	Niagara
27049	Minnesota	3	2	11	Goodhue
49015	Utah	1	2	3	Emery
27041	Minnesota	6	4	13	Douglas
27151	Minnesota	0	2	4	Swift
18065	Indiana	8	8	21	Henry
21069	Kentucky	0	1	1	Fleming
18155	Indiana	0	1	1	Switzerland
47057	Tennessee	3	6	7	Grainger
40137	Oklahoma	6	3	10	Stephens
28093	Mississippi	23	11	32	Marshall
13181	Georgia	3	0	4	Lincoln
29063	Missouri	1	0	1	DeKalb
26081	Michigan	65	256	430	Kent
55051	Wisconsin	1	0	1	Iron
51660	Virginia	3	3	13	Harrisonburg
27023	Minnesota	0	0	1	Chippewa
12107	Florida	26	31	78	Putnam
6075	California	141	272	421	San Francisco
48245	Texas	81	96	204	Jefferson
20205	Kansas	3	1	2	Wilson
22051	Louisiana	154	352	637	Jefferson
42093	Pennsylvania	0	0	1	Montour
30081	Montana	6	2	25	Ravalli
18151	Indiana	1	3	12	Steuben
42079	Pennsylvania	45	127	385	Luzerne
55133	Wisconsin	16	17	57	Waukesha
5099	Arkansas	2	0	3	Nevada
36123	New York	0	1	6	Yates
17107	Illinois	1	1	3	Logan
27033	Minnesota	2	1	2	Cottonwood
22043	Louisiana	0	0	4	Grant
48091	Texas	15	16	37	Comal
33017	New Hampshire	12	13	147	Strafford
54083	West Virginia	7	8	27	Randolph
6081	California	25	36	87	San Mateo
5079	Arkansas	2	4	6	Lincoln
29089	Missouri	1	0	2	Howard
16037	Idaho	1	0	1	Custer
27157	Minnesota	0	0	5	Wabasha
55135	Wisconsin	4	4	12	Waupaca
24035	Maryland	2	2	7	Queen Anne's
39001	Ohio	2	0	3	Adams
19007	Iowa	1	0	2	Appanoose
37085	North Carolina	16	20	29	Harnett
39065	Ohio	1	1	1	Hardin
18017	Indiana	4	6	13	Cass
21179	Kentucky	7	13	30	Nelson
45041	South Carolina	50	114	206	Florence
45013	South Carolina	45	144	479	Beaufort
20155	Kansas	6	11	25	Reno
48027	Texas	128	158	405	Bell
36033	New York	3	3	8	Franklin
23031	Maine	20	15	113	York
37061	North Carolina	10	5	22	Duplin
37055	North Carolina	0	3	9	Dare
51540	Virginia	13	23	76	Charlottesville
51153	Virginia	22	68	148	Prince William
21077	Kentucky	1	0	1	Gallatin
28021	Mississippi	7	7	13	Claiborne
37035	North Carolina	40	29	84	Catawba
46021	South Dakota	1	0	1	Campbell
29167	Missouri	1	2	5	Polk
31121	Nebraska	0	0	2	Merrick
6113	California	15	8	27	Yolo
45073	South Carolina	12	17	40	Oconee
21117	Kentucky	25	40	61	Kenton
54075	West Virginia	3	0	3	Pocahontas
48385	Texas	1	0	1	Real
5075	Arkansas	2	2	12	Lawrence
21051	Kentucky	8	12	21	Clay
22125	Louisiana	1	1	2	West Feliciana
19085	Iowa	0	0	3	Harrison
26005	Michigan	8	5	14	Allegan
32021	Nevada	0	1	1	Mineral
51141	Virginia	1	2	3	Patrick
54053	West Virginia	2	8	13	Mason
51081	Virginia	1	1	2	Greensville
48047	Texas	1	1	1	Brooks
18179	Indiana	2	2	9	Wells
13235	Georgia	6	0	5	Pulaski
13047	Georgia	3	4	12	Catoosa
26069	Michigan	1	2	2	Iosco
29109	Missouri	7	0	11	Lawrence
54089	West Virginia	4	2	7	Summers
48329	Texas	17	11	52	Midland
30031	Montana	10	6	39	Gallatin
13195	Georgia	10	8	64	Madison
4013	Arizona	749	764	1576	Maricopa
31055	Nebraska	146	535	933	Douglas
17099	Illinois	1	0	1	LaSalle
48481	Texas	2	0	1	Wharton
40001	Oklahoma	5	3	9	Adair
22117	Louisiana	13	14	45	Washington
5091	Arkansas	20	27	42	Miller
17173	Illinois	0	0	1	Shelby
37091	North Carolina	6	10	11	Hertford
2180	Alaska	2	2	12	Nome
27029	Minnesota	0	0	1	Clearwater
48223	Texas	5	2	10	Hopkins
21089	Kentucky	6	3	9	Greenup
5085	Arkansas	6	8	22	Lonoke
17083	Illinois	1	1	2	Jersey
29229	Missouri	3	0	2	Wright
37039	North Carolina	1	4	5	Cherokee
21141	Kentucky	5	9	17	Logan
13045	Georgia	16	10	25	Carroll
24017	Maryland	21	23	59	Charles
53077	Washington	67	102	188	Yakima
21029	Kentucky	11	3	20	Bullitt
21193	Kentucky	6	4	16	Perry
51135	Virginia	4	4	5	Nottoway
55031	Wisconsin	2	6	18	Douglas
26027	Michigan	1	7	18	Cass
45025	South Carolina	13	15	28	Chesterfield
6011	California	0	3	7	Colusa
54003	West Virginia	8	10	34	Berkeley
31101	Nebraska	3	1	3	Keith
20137	Kansas	1	0	1	Norton
29043	Missouri	5	1	11	Christian
45045	South Carolina	119	169	424	Greenville
21207	Kentucky	3	2	7	Russell
37087	North Carolina	10	6	23	Haywood
51007	Virginia	2	2	6	Amelia
42061	Pennsylvania	2	2	15	Huntingdon
53067	Washington	25	27	69	Thurston
18153	Indiana	1	3	9	Sullivan
13023	Georgia	2	0	2	Bleckley
18143	Indiana	5	1	9	Scott
8123	Colorado	28	34	103	Weld
47185	Tennessee	6	1	6	White
42035	Pennsylvania	1	2	4	Clinton
26067	Michigan	6	1	12	Ionia
42095	Pennsylvania	25	52	180	Northampton
8125	Colorado	1	0	1	Yuma
26153	Michigan	4	1	3	Schoolcraft
5141	Arkansas	8	1	19	Van Buren
8085	Colorado	2	5	17	Montrose
51820	Virginia	1	2	27	Waynesboro
16065	Idaho	1	1	10	Madison
12125	Florida	7	1	4	Union
8055	Colorado	2	2	4	Huerfano
1129	Alabama	3	2	5	Washington
31151	Nebraska	0	0	1	Saline
37005	North Carolina	2	1	3	Alleghany
20013	Kansas	1	1	3	Brown
21081	Kentucky	4	3	5	Grant
45007	South Carolina	84	157	267	Anderson
17087	Illinois	1	0	1	Johnson
53047	Washington	4	2	8	Okanogan
48143	Texas	1	3	5	Erath
21205	Kentucky	8	2	10	Rowan
20109	Kansas	1	0	1	Logan
26127	Michigan	0	1	3	Oceana
13245	Georgia	89	193	389	Richmond
55041	Wisconsin	3	1	4	Forest
26059	Michigan	2	1	12	Hillsdale
19023	Iowa	1	0	1	Butler
22023	Louisiana	0	0	1	Cameron
20033	Kansas	1	0	1	Comanche
18137	Indiana	3	3	10	Ripley
26155	Michigan	4	3	9	Shiawassee
28049	Mississippi	13	13	43	Hinds
13049	Georgia	2	0	3	Charlton
13303	Georgia	5	3	10	Washington
54087	West Virginia	3	2	8	Roane
46029	South Dakota	2	1	6	Codington
6049	California	5	3	2	Modoc
29081	Missouri	0	0	1	Harrison
30067	Montana	4	1	6	Park
51173	Virginia	6	4	12	Smyth
8109	Colorado	2	1	4	Saguache
40051	Oklahoma	14	15	39	Grady
54027	West Virginia	1	1	2	Hampshire
39005	Ohio	1	6	7	Ashland
21229	Kentucky	4	2	7	Washington
27159	Minnesota	5	0	4	Wadena
34021	New Jersey	101	498	807	Mercer
26115	Michigan	7	15	34	Monroe
36039	New York	2	5	17	Greene
18051	Indiana	3	1	8	Gibson
47065	Tennessee	136	583	761	Hamilton
12083	Florida	89	156	411	Marion
40049	Oklahoma	3	6	10	Garvin
48007	Texas	2	4	5	Aransas
45069	South Carolina	11	37	50	Marlboro
17019	Illinois	36	116	352	Champaign
37075	North Carolina	3	6	13	Graham
48309	Texas	53	76	122	McLennan
29117	Missouri	0	0	3	Livingston
41047	Oregon	49	54	170	Marion
48277	Texas	12	14	87	Lamar
21197	Kentucky	3	2	6	Powell
51640	Virginia	1	1	2	Galax
51085	Virginia	6	13	22	Hanover
1029	Alabama	2	3	8	Cleburne
39167	Ohio	3	2	6	Washington
48297	Texas	4	1	4	Live Oak
30093	Montana	10	15	73	Silver Bow
26159	Michigan	6	6	29	Van Buren
42105	Pennsylvania	0	2	3	Potter
48133	Texas	3	1	3	Eastland
29115	Missouri	0	1	2	Linn
49047	Utah	7	9	20	Uintah
27073	Minnesota	2	0	2	Lac qui Parle
48317	Texas	1	0	5	Martin
6089	California	27	36	94	Shasta
17165	Illinois	2	12	20	Saline
54079	West Virginia	4	8	25	Putnam
51810	Virginia	64	185	289	Virginia Beach
17075	Illinois	5	2	7	Iroquois
13093	Georgia	8	1	5	Dooly
40127	Oklahoma	2	1	3	Pushmataha
26009	Michigan	2	1	5	Antrim
19103	Iowa	5	24	91	Johnson
34029	New Jersey	18	35	94	Ocean
36003	New York	3	2	15	Allegany
13163	Georgia	7	3	26	Jefferson
34039	New Jersey	62	122	244	Union
28091	Mississippi	17	13	34	Marion
47141	Tennessee	12	10	24	Putnam
45089	South Carolina	8	8	25	Williamsburg
26143	Michigan	2	2	3	Roscommon
53055	Washington	2	2	5	San Juan
51041	Virginia	33	52	149	Chesterfield
17123	Illinois	1	0	3	Marshall
4011	Arizona	1	2	1	Greenlee
48017	Texas	0	1	1	Bailey
26133	Michigan	2	4	5	Osceola
48225	Texas	1144	1246	2482	Houston
51115	Virginia	3	1	3	Mathews
30051	Montana	2	0	1	Liberty
28019	Mississippi	1	1	1	Choctaw
17111	Illinois	9	19	42	McHenry
20053	Kansas	0	2	3	Ellsworth
45051	South Carolina	121	283	676	Horry
8013	Colorado	14	16	72	Boulder
6105	California	5	5	15	Trinity
48419	Texas	4	4	7	Shelby
36047	New York	377	979	1405	Kings
46115	South Dakota	0	3	3	Spink
46079	South Dakota	1	1	2	Lake
42123	Pennsylvania	6	3	9	Warren
12067	Florida	0	1	1	Lafayette
6087	California	26	43	134	Santa Cruz
51191	Virginia	12	14	25	Washington
19149	Iowa	1	1	7	Plymouth
20169	Kansas	8	20	95	Saline
55033	Wisconsin	4	3	16	Dunn
35039	New Mexico	12	6	24	Rio Arriba
37177	North Carolina	1	4	7	Tyrrell
29007	Missouri	1	8	22	Audrain
13029	Georgia	5	3	21	Bryan
48131	Texas	2	2	5	Duval
54069	West Virginia	4	6	39	Ohio
51013	Virginia	10	6	64	Arlington
34015	New Jersey	14	19	93	Gloucester
39137	Ohio	1	0	1	Putnam
34027	New Jersey	13	12	50	Morris
36025	New York	0	1	8	Delaware
46019	South Dakota	0	0	2	Butte
18047	Indiana	7	13	41	Franklin
36113	New York	4	7	38	Warren
18121	Indiana	0	1	3	Parke
39169	Ohio	3	9	17	Wayne
1097	Alabama	242	370	717	Mobile
54039	West Virginia	66	203	433	Kanawha
37081	North Carolina	167	393	671	Guilford
26041	Michigan	1	0	4	Delta
13321	Georgia	3	10	10	Worth
37051	North Carolina	146	263	448	Cumberland
22097	Louisiana	0	0	3	St. Landry
53051	Washington	0	0	1	Pend Oreille
40129	Oklahoma	1	1	1	Roger Mills
31107	Nebraska	2	0	2	Knox
39107	Ohio	2	2	14	Mercer
48339	Texas	41	24	118	Montgomery
49003	Utah	1	1	3	Box Elder
35055	New Mexico	10	8	55	Taos
47169	Tennessee	2	0	1	Trousdale
29091	Missouri	4	4	10	Howell
48233	Texas	6	6	13	Hutchinson
22081	Louisiana	2	2	3	Red River
48501	Texas	1	0	2	Yoakum
21079	Kentucky	2	3	5	Garrard
5007	Arkansas	10	25	116	Benton
25005	Massachusetts	39	119	506	Bristol
26163	Michigan	719	1135	2151	Wayne
20045	Kansas	16	42	67	Douglas
29015	Missouri	2	3	7	Benton
31111	Nebraska	30	84	489	Lincoln
41041	Oregon	2	5	12	Lincoln
48085	Texas	50	28	66	Collin
27105	Minnesota	3	0	2	Nobles
19157	Iowa	0	0	1	Poweshiek
54095	West Virginia	1	1	4	Tyler
26107	Michigan	2	4	10	Mecosta
29215	Missouri	13	7	11	Texas
20191	Kansas	0	0	1	Sumner
35029	New Mexico	5	0	5	Luna
45011	South Carolina	8	7	16	Barnwell
16061	Idaho	0	0	1	Lewis
13051	Georgia	168	523	778	Chatham
4019	Arizona	168	163	361	Pima
37045	North Carolina	28	48	72	Cleveland
5069	Arkansas	71	80	153	Jefferson
48063	Texas	2	4	4	Camp
18069	Indiana	2	3	3	Huntington
41067	Oregon	30	27	110	Washington
21239	Kentucky	1	3	8	Woodford
48359	Texas	0	0	1	Oldham
51830	Virginia	8	10	30	Williamsburg
47133	Tennessee	2	0	2	Overton
39039	Ohio	4	4	8	Defiance
12015	Florida	13	8	53	Charlotte
6041	California	16	13	35	Marin
18063	Indiana	11	11	28	Hendricks
41035	Oregon	13	10	39	Klamath
18101	Indiana	2	1	4	Martin
38103	North Dakota	2	0	1	Wells
54013	West Virginia	2	4	5	Calhoun
48353	Texas	4	2	6	Nolan
17105	Illinois	4	1	4	Livingston
47011	Tennessee	20	14	51	Bradley
2090	Alaska	40	37	250	Fairbanks North Star
51019	Virginia	3	1	6	Bedford
21223	Kentucky	3	1	2	Trimble
27113	Minnesota	1	1	2	Pennington
1119	Alabama	14	5	13	Sumter
21177	Kentucky	5	4	18	Muhlenberg
21195	Kentucky	11	19	28	Pike
48361	Texas	12	9	25	Orange
35001	New Mexico	242	297	768	Bernalillo
19127	Iowa	3	5	12	Marshall
23023	Maine	2	3	18	Sagadahoc
28161	Mississippi	2	3	5	Yalobusha
5019	Arkansas	3	1	5	Clark
42067	Pennsylvania	1	0	2	Juniata
51680	Virginia	20	50	100	Lynchburg
46102	South Dakota	10	5	14	Unknown
13077	Georgia	15	28	59	Coweta
18147	Indiana	3	1	5	Spencer
22109	Louisiana	36	47	122	Terrebonne
51800	Virginia	12	57	78	Suffolk
40115	Oklahoma	8	5	15	Ottawa
13117	Georgia	12	19	46	Forsyth
12041	Florida	9	3	5	Gilchrist
17021	Illinois	6	7	10	Christian
30111	Montana	26	33	153	Yellowstone
4023	Arizona	0	3	7	Santa Cruz
1005	Alabama	6	14	20	Barbour
23015	Maine	10	8	51	Lincoln
48429	Texas	0	0	1	Stephens
33001	New Hampshire	4	9	53	Belknap
39031	Ohio	0	7	8	Coshocton
27085	Minnesota	1	1	1	McLeod
44003	Rhode Island	0	4	47	Kent
24029	Maryland	1	1	3	Kent
21063	Kentucky	1	2	3	Elliott
54073	West Virginia	0	1	1	Pleasants
26099	Michigan	45	73	187	Macomb
46111	South Dakota	1	2	3	Sanborn
51165	Virginia	1	5	7	Rockingham
41059	Oregon	15	10	29	Umatilla
32005	Nevada	4	3	7	Douglas
26093	Michigan	4	1	9	Livingston
8107	Colorado	1	1	5	Routt
8041	Colorado	142	323	841	El Paso
49051	Utah	2	1	5	Wasatch
20005	Kansas	1	0	1	Atchison
1089	Alabama	102	312	608	Madison
5057	Arkansas	5	6	13	Hempstead
55087	Wisconsin	8	10	40	Outagamie
19091	Iowa	1	0	3	Humboldt
25009	Massachusetts	56	108	502	Essex
48415	Texas	5	0	4	Scurry
30091	Montana	0	3	3	Sheridan
40069	Oklahoma	1	2	6	Johnston
37153	North Carolina	5	0	3	Richmond
36009	New York	2	6	26	Cattaraugus
48409	Texas	8	6	32	San Patricio
55025	Wisconsin	42	151	708	Dane
29029	Missouri	1	2	10	Camden
18023	Indiana	1	3	7	Clinton
50005	Vermont	2	6	16	Caledonia
22121	Louisiana	7	8	18	West Baton Rouge
5095	Arkansas	5	4	8	Monroe
42089	Pennsylvania	24	32	100	Monroe
42053	Pennsylvania	1	1	4	Forest
21039	Kentucky	1	6	6	Carlisle
47145	Tennessee	8	10	24	Roane
47151	Tennessee	3	5	5	Scott
51127	Virginia	0	0	3	New Kent
48165	Texas	2	6	7	Gaines
28063	Mississippi	2	1	4	Jefferson
13187	Georgia	3	1	4	Lumpkin
42007	Pennsylvania	16	34	58	Beaver
42047	Pennsylvania	1	3	6	Elk
47033	Tennessee	3	8	11	Crockett
38077	North Dakota	1	3	7	Richland
19187	Iowa	4	14	42	Webster
17203	Illinois	0	0	1	Woodford
13209	Georgia	2	2	3	Montgomery
20009	Kansas	3	11	20	Barton
45055	South Carolina	19	20	61	Kershaw
1033	Alabama	16	13	35	Colbert
48051	Texas	2	6	5	Burleson
17183	Illinois	31	69	116	Vermilion
35023	New Mexico	0	2	2	Hidalgo
27155	Minnesota	1	0	1	Traverse
13153	Georgia	26	50	111	Houston
8037	Colorado	5	4	17	Eagle
55129	Wisconsin	3	0	5	Washburn
22041	Louisiana	2	7	16	Franklin
28037	Mississippi	1	0	2	Franklin
31043	Nebraska	2	1	8	Dakota
29051	Missouri	12	35	107	Cole
42019	Pennsylvania	11	11	31	Butler
20057	Kansas	6	2	6	Ford
39089	Ohio	18	19	48	Licking
51095	Virginia	3	6	8	James City
53043	Washington	0	0	1	Lincoln
42049	Pennsylvania	41	96	201	Erie
47043	Tennessee	7	5	16	Dickson
12109	Florida	1	2	5	St. Johns
39009	Ohio	3	4	12	Athens
16057	Idaho	6	4	20	Latah
18123	Indiana	3	0	5	Perry
13199	Georgia	3	14	9	Meriwether
48179	Texas	3	11	14	Gray
30005	Montana	0	0	1	Blaine
42013	Pennsylvania	3	5	43	Blair
30009	Montana	5	0	3	Carbon
35006	New Mexico	5	1	9	Cibola
18007	Indiana	1	2	3	Benton
2100	Alaska	1	2	5	Haines
23013	Maine	2	3	27	Knox
31123	Nebraska	1	0	1	Morrill
13137	Georgia	11	4	12	Habersham
42023	Pennsylvania	0	0	1	Cameron
29143	Missouri	3	0	5	New Madrid
21211	Kentucky	7	4	12	Shelby
5041	Arkansas	5	5	7	Desha
40015	Oklahoma	11	2	16	Caddo
35019	New Mexico	0	1	1	Guadalupe
23017	Maine	7	9	26	Oxford
39173	Ohio	2	9	25	Wood
36017	New York	5	10	22	Chenango
8035	Colorado	18	14	40	Douglas
6099	California	87	144	266	Stanislaus
28157	Mississippi	4	0	3	Wilkinson
29141	Missouri	1	1	3	Morgan
17003	Illinois	2	8	9	Alexander
13173	Georgia	1	3	4	Lanier
5051	Arkansas	40	68	110	Garland
21093	Kentucky	18	19	42	Hardin
51065	Virginia	0	5	7	Fluvanna
47139	Tennessee	2	4	4	Polk
29103	Missouri	1	0	1	Knox
51087	Virginia	49	81	210	Henrico
28045	Mississippi	9	14	38	Hancock
39015	Ohio	7	0	9	Brown
29175	Missouri	11	3	17	Randolph
29095	Missouri	499	838	1352	Jackson
39007	Ohio	14	16	76	Ashtabula
53031	Washington	3	3	6	Jefferson
48019	Texas	3	4	7	Bandera
54057	West Virginia	1	0	5	Mineral
13031	Georgia	16	27	190	Bulloch
32027	Nevada	1	4	2	Pershing
45087	South Carolina	9	19	53	Union
27059	Minnesota	0	2	5	Isanti
38015	North Dakota	9	17	97	Burleigh
22073	Louisiana	58	87	186	Ouachita
45063	South Carolina	58	65	160	Lexington
35041	New Mexico	4	3	34	Roosevelt
13013	Georgia	9	7	80	Barrow
40087	Oklahoma	9	3	16	McClain
27055	Minnesota	0	2	3	Houston
37179	North Carolina	17	15	49	Union
36083	New York	5	43	112	Rensselaer
47041	Tennessee	1	1	1	DeKalb
42107	Pennsylvania	12	27	56	Schuylkill
34035	New Jersey	2	19	44	Somerset
37151	North Carolina	14	28	66	Randolph
13115	Georgia	24	45	265	Floyd
24043	Maryland	13	28	88	Washington
21055	Kentucky	0	2	2	Crittenden
5053	Arkansas	2	1	5	Grant
21057	Kentucky	2	0	3	Cumberland
13237	Georgia	7	6	5	Putnam
26101	Michigan	1	0	9	Manistee
27057	Minnesota	0	1	2	Hubbard
45029	South Carolina	25	73	82	Colleton
41005	Oregon	31	35	96	Clackamas
31167	Nebraska	0	0	1	Stanton
21217	Kentucky	5	8	18	Taylor
38027	North Dakota	1	1	1	Eddy
48283	Texas	0	0	1	La Salle
13089	Georgia	155	157	295	DeKalb
48399	Texas	2	0	2	Runnels
17175	Illinois	0	0	1	Stark
48053	Texas	5	4	20	Burnet
26061	Michigan	1	0	4	Houghton
40089	Oklahoma	10	7	13	McCurtain
1009	Alabama	13	9	20	Blount
8023	Colorado	1	0	1	Costilla
37029	North Carolina	2	0	5	Camden
17109	Illinois	0	0	4	McDonough
22009	Louisiana	7	7	8	Avoyelles
42071	Pennsylvania	51	120	394	Lancaster
53059	Washington	1	2	2	Skamania
12111	Florida	0	0	1	St. Lucie
31163	Nebraska	0	1	1	Sherman
48407	Texas	3	4	9	San Jacinto
41049	Oregon	1	2	3	Morrow
51155	Virginia	10	3	12	Pulaski
55075	Wisconsin	6	2	13	Marinette
29083	Missouri	1	0	1	Henry
24013	Maryland	8	4	26	Carroll
18079	Indiana	1	3	9	Jennings
51111	Virginia	2	4	6	Lunenburg
5065	Arkansas	2	1	4	Izard
32017	Nevada	1	0	1	Lincoln
26123	Michigan	3	1	5	Newaygo
55053	Wisconsin	5	1	8	Jackson
18117	Indiana	7	5	5	Orange
34025	New Jersey	32	70	139	Monmouth
8105	Colorado	1	1	4	Rio Grande
20149	Kansas	2	2	6	Pottawatomie
45039	South Carolina	5	6	11	Fairfield
48217	Texas	6	2	12	Hill
12089	Florida	16	10	37	Nassau
36087	New York	9	8	48	Rockland
26029	Michigan	0	5	6	Charlevoix
48341	Texas	1	2	2	Moore
4001	Arizona	6	3	7	Apache
25017	Massachusetts	34	98	391	Middlesex
48123	Texas	1	0	1	DeWitt
13241	Georgia	1	0	2	Rabun
28105	Mississippi	8	15	34	Oktibbeha
48473	Texas	4	3	5	Waller
48227	Texas	7	7	16	Howard
13319	Georgia	0	0	2	Wilkinson
18125	Indiana	1	0	2	Pike
47147	Tennessee	12	36	54	Robertson
13109	Georgia	1	2	10	Evans
51620	Virginia	7	17	33	Franklin
36081	New York	150	301	535	Queens
37117	North Carolina	3	11	17	Martin
21185	Kentucky	2	8	15	Oldham
30087	Montana	0	3	2	Rosebud
48453	Texas	19	16	43	Travis
18139	Indiana	0	0	4	Rush
8027	Colorado	1	1	2	Custer
29147	Missouri	1	0	1	Nodaway
8001	Colorado	56	61	156	Adams
42099	Pennsylvania	9	7	25	Perry
42027	Pennsylvania	4	3	35	Centre
5045	Arkansas	8	6	19	Faulkner
21139	Kentucky	1	2	3	Livingston
29027	Missouri	4	10	44	Callaway
55023	Wisconsin	1	1	5	Crawford
29125	Missouri	1	1	6	Maries
1049	Alabama	11	16	40	DeKalb
22075	Louisiana	0	8	14	Plaquemines
34001	New Jersey	61	186	394	Atlantic
48113	Texas	596	633	1430	Dallas
13311	Georgia	4	3	10	White
18085	Indiana	4	9	30	Kosciusko
38023	North Dakota	0	1	2	Divide
55093	Wisconsin	2	2	10	Pierce
8101	Colorado	53	92	381	Pueblo
21091	Kentucky	2	0	4	Hancock
42041	Pennsylvania	9	26	136	Cumberland
27065	Minnesota	1	0	1	Kanabec
31153	Nebraska	5	6	24	Sarpy
47161	Tennessee	0	0	3	Stewart
41009	Oregon	2	7	18	Columbia
28007	Mississippi	7	10	20	Attala
48041	Texas	26	41	143	Brazos
13091	Georgia	5	3	9	Dodge
1001	Alabama	12	14	39	Autauga
51515	Virginia	10	5	26	Bedford
47053	Tennessee	13	36	64	Gibson
20197	Kansas	1	0	1	Wabaunsee
51770	Virginia	47	165	244	Roanoke
42063	Pennsylvania	15	12	37	Indiana
29071	Missouri	12	14	36	Franklin
39059	Ohio	2	3	23	Guernsey
8069	Colorado	36	34	98	Larimer
36037	New York	1	7	28	Genesee
17091	Illinois	26	79	209	Kankakee
54015	West Virginia	5	5	12	Clay
37013	North Carolina	2	8	19	Beaufort
25027	Massachusetts	27	175	571	Worcester
39111	Ohio	3	2	10	Monroe
48307	Texas	1	0	1	McCulloch
5119	Arkansas	238	671	1138	Pulaski
55115	Wisconsin	0	4	27	Shawano
21199	Kentucky	19	14	41	Pulaski
10001	Delaware	31	112	345	Kent
16071	Idaho	0	1	2	Oneida
22039	Louisiana	5	4	13	Evangeline
51145	Virginia	3	0	5	Powhatan
40145	Oklahoma	7	4	23	Wagoner
20195	Kansas	1	0	1	Trego
28121	Mississippi	19	22	58	Rankin
1113	Alabama	38	44	60	Russell
48459	Texas	4	2	10	Upshur
37057	North Carolina	27	45	96	Davidson
37095	North Carolina	0	0	2	Hyde
47183	Tennessee	6	3	19	Weakley
37007	North Carolina	14	11	16	Anson
20041	Kansas	1	1	9	Dickinson
26113	Michigan	1	1	2	Missaukee
36035	New York	1	1	16	Fulton
21119	Kentucky	6	2	9	Knott
39051	Ohio	6	2	11	Fulton
48303	Texas	53	166	320	Lubbock
1035	Alabama	1	0	3	Conecuh
51047	Virginia	13	6	16	Culpeper
39045	Ohio	16	19	74	Fairfield
41055	Oregon	1	0	1	Sherman
48025	Texas	5	1	7	Bee
27121	Minnesota	1	0	1	Pope
13131	Georgia	4	3	10	Grady
1109	Alabama	12	24	39	Pike
39145	Ohio	10	9	23	Scioto
51595	Virginia	4	2	7	Emporia
48305	Texas	5	0	4	Lynn
31185	Nebraska	2	4	8	York
51049	Virginia	0	1	1	Cumberland
5103	Arkansas	2	2	5	Ouachita
26033	Michigan	2	4	11	Chippewa
27141	Minnesota	1	0	5	Sherburne
47119	Tennessee	9	18	41	Maury
19047	Iowa	2	2	3	Crawford
30049	Montana	10	3	61	Lewis and Clark
12007	Florida	1	0	7	Bradford
42103	Pennsylvania	6	3	12	Pike
26073	Michigan	4	4	24	Isabella
12021	Florida	38	33	169	Collier
40063	Oklahoma	2	1	3	Hughes
12103	Florida	148	173	379	Pinellas
21025	Kentucky	0	2	2	Breathitt
21107	Kentucky	11	16	45	Hopkins
37159	North Carolina	49	99	228	Rowan
47179	Tennessee	30	26	123	Washington
18107	Indiana	0	1	8	Montgomery
29225	Missouri	9	4	8	Webster
16055	Idaho	16	6	62	Kootenai
29057	Missouri	1	2	2	Dade
50015	Vermont	0	2	8	Lamoille
31047	Nebraska	1	1	5	Dawson
46135	South Dakota	1	4	9	Yankton
13147	Georgia	1	1	2	Hart
5021	Arkansas	2	1	6	Clay
48189	Texas	0	8	8	Hale
48465	Texas	8	4	25	Val Verde
40043	Oklahoma	1	1	3	Dewey
48171	Texas	1	0	2	Gillespie
48493	Texas	31	23	10	Wilson
1095	Alabama	14	26	57	Marshall
27061	Minnesota	3	1	8	Itasca
48469	Texas	6	3	10	Victoria
53041	Washington	10	8	34	Lewis
51181	Virginia	0	2	3	Surry
51017	Virginia	1	0	2	Bath
51143	Virginia	4	6	15	Pittsylvania
35027	New Mexico	6	4	11	Lincoln
20177	Kansas	73	178	389	Shawnee
19061	Iowa	3	24	63	Dubuque
22113	Louisiana	8	17	36	Vermilion
47067	Tennessee	2	0	1	Hancock
36097	New York	1	1	5	Schuyler
22029	Louisiana	3	6	10	Concordia
26085	Michigan	1	3	3	Lake
31003	Nebraska	0	1	2	Antelope
1063	Alabama	5	12	7	Greene
56025	Wyoming	14	12	324	Natrona
37053	North Carolina	0	2	3	Currituck
17011	Illinois	0	1	4	Bureau
5115	Arkansas	15	8	28	Pope
26121	Michigan	40	89	154	Muskegon
13015	Georgia	15	20	43	Bartow
53029	Washington	4	6	11	Island
19015	Iowa	1	0	5	Boone
28137	Mississippi	1	2	2	Tate
55043	Wisconsin	5	3	12	Grant
29131	Missouri	3	2	8	Miller
45009	South Carolina	6	14	22	Bamberg
26013	Michigan	0	0	1	Baraga
36121	New York	4	1	17	Wyoming
20121	Kansas	2	0	1	Miami
13033	Georgia	11	21	31	Burke
28103	Mississippi	8	11	15	Noxubee
53027	Washington	3	3	12	Grays Harbor
46053	South Dakota	0	1	3	Gregory
19189	Iowa	0	1	6	Winnebago
27017	Minnesota	3	2	11	Carlton
23019	Maine	10	16	69	Penobscot
38073	North Dakota	1	1	2	Ransom
36073	New York	2	2	16	Orleans
27139	Minnesota	3	7	15	Scott
13293	Georgia	1	1	4	Upson
17193	Illinois	0	1	1	White
35031	New Mexico	8	2	13	McKinley
55039	Wisconsin	7	7	32	Fond du Lac
41071	Oregon	3	9	21	Yamhill
6031	California	18	22	55	Kings
12133	Florida	3	10	28	Washington
45033	South Carolina	25	41	57	Dillon
21101	Kentucky	10	24	73	Henderson
27167	Minnesota	2	2	5	Wilkin
12051	Florida	4	14	12	Hendry
34009	New Jersey	2	10	34	Cape May
17161	Illinois	13	29	65	Rock Island
48343	Texas	3	3	5	Morris
48021	Texas	18	5	19	Bastrop
53063	Washington	62	107	448	Spokane
39149	Ohio	3	2	14	Shelby
38011	North Dakota	0	0	1	Bowman
20015	Kansas	6	5	11	Butler
47157	Tennessee	656	1739	2516	Shelby
29079	Missouri	2	0	1	Grundy
49007	Utah	2	1	5	Carbon
51750	Virginia	0	2	8	Radford
21189	Kentucky	2	3	4	Owsley
47109	Tennessee	1	4	6	McNairy
51113	Virginia	0	3	3	Madison
23003	Maine	5	4	29	Aroostook
5043	Arkansas	9	12	16	Drew
29073	Missouri	2	4	6	Gasconade
55089	Wisconsin	1	3	8	Ozaukee
46015	South Dakota	0	1	1	Brule
51089	Virginia	11	13	30	Henry
36013	New York	13	23	114	Chautauqua
39019	Ohio	5	0	3	Carroll
5059	Arkansas	4	1	5	Hot Spring
19131	Iowa	0	0	2	Mitchell
49019	Utah	0	0	4	Grand
22079	Louisiana	34	41	124	Rapides
49011	Utah	16	10	37	Davis
27169	Minnesota	8	6	28	Winona
8003	Colorado	1	1	3	Alamosa
2198	Alaska	1	3	16	Prince of Wales-Hyder
48141	Texas	82	89	237	El Paso
27031	Minnesota	3	0	3	Cook
17047	Illinois	0	1	1	Edwards
5031	Arkansas	32	77	273	Craighead
12079	Florida	4	11	17	Madison
1059	Alabama	5	7	22	Franklin
8005	Colorado	104	110	271	Arapahoe
17015	Illinois	1	0	2	Carroll
37103	North Carolina	0	6	6	Jones
22061	Louisiana	11	13	21	Lincoln
28005	Mississippi	1	1	3	Amite
31081	Nebraska	0	0	1	Hamilton
13155	Georgia	1	3	9	Irwin
55071	Wisconsin	2	3	18	Manitowoc
36041	New York	0	0	2	Hamilton
46057	South Dakota	0	1	1	Hamlin
13225	Georgia	11	24	36	Peach
6069	California	2	4	8	San Benito
17053	Illinois	0	2	5	Ford
24021	Maryland	10	28	79	Frederick
19067	Iowa	2	0	9	Floyd
13099	Georgia	1	1	4	Early
49013	Utah	9	1	12	Duchesne
47181	Tennessee	3	1	6	Wayne
12005	Florida	37	59	199	Bay
22085	Louisiana	5	3	12	Sabine
1055	Alabama	24	35	76	Etowah
29207	Missouri	0	0	3	Stoddard
23027	Maine	0	0	14	Waldo
36079	New York	4	1	18	Putnam
47127	Tennessee	2	2	4	Moore
40039	Oklahoma	3	2	9	Custer
1041	Alabama	4	5	10	Crenshaw
21231	Kentucky	7	2	9	Wayne
39035	Ohio	555	1296	2104	Cuyahoga
6019	California	217	600	1178	Fresno
13313	Georgia	9	9	25	Whitfield
37191	North Carolina	59	115	284	Wayne
55069	Wisconsin	3	5	9	Lincoln
48095	Texas	1	0	1	Concho
29149	Missouri	1	1	4	Oregon
21219	Kentucky	0	2	7	Todd
6079	California	7	10	29	San Luis Obispo
13071	Georgia	36	61	142	Colquitt
39069	Ohio	0	1	1	Henry
26015	Michigan	2	1	5	Barry
22059	Louisiana	2	0	2	La Salle
42087	Pennsylvania	3	0	4	Mifflin
39113	Ohio	181	576	1222	Montgomery
19129	Iowa	1	4	4	Mills
19083	Iowa	1	1	5	Hardin
4012	Arizona	8	2	8	La Paz
22049	Louisiana	2	3	8	Jackson
51033	Virginia	7	6	13	Caroline
21201	Kentucky	1	0	2	Robertson
6057	California	7	9	24	Nevada
18171	Indiana	0	1	2	Warren
20187	Kansas	1	0	1	Stanton
19019	Iowa	0	0	6	Buchanan
32003	Nevada	666	768	1485	Clark
48367	Texas	14	7	24	Parker
30003	Montana	5	4	7	Big Horn
55119	Wisconsin	0	0	4	Taylor
1031	Alabama	10	19	34	Coffee
26011	Michigan	2	0	2	Arenac
46085	South Dakota	1	1	3	Lyman
5083	Arkansas	6	2	9	Logan
55073	Wisconsin	12	13	62	Marathon
51105	Virginia	0	1	4	Lee
45091	South Carolina	49	131	463	York
55021	Wisconsin	3	2	16	Columbia
38091	North Dakota	1	0	1	Steele
6043	California	0	2	6	Mariposa
51730	Virginia	46	92	129	Petersburg
21157	Kentucky	3	16	12	Marshall
28061	Mississippi	4	4	7	Jasper
29105	Missouri	2	1	10	Laclede
28057	Mississippi	3	3	7	Itawamba
22083	Louisiana	4	2	6	Richland
42003	Pennsylvania	411	895	1416	Allegheny
11001	District of Columbia	459	1415	3195	District of Columbia
5015	Arkansas	3	0	6	Carroll
48213	Texas	12	15	35	Henderson
39033	Ohio	1	0	2	Crawford
4027	Arizona	18	27	51	Yuma
27067	Minnesota	0	2	7	Kandiyohi
48487	Texas	1	0	2	Wilbarger
40101	Oklahoma	19	32	73	Muskogee
27075	Minnesota	0	0	1	Lake
8007	Colorado	5	0	4	Archuleta
27013	Minnesota	8	8	16	Blue Earth
17129	Illinois	1	0	3	Menard
51009	Virginia	4	7	19	Amherst
13157	Georgia	14	15	64	Jackson
48495	Texas	0	1	3	Winkler
13261	Georgia	18	18	29	Sumter
19077	Iowa	0	3	3	Guthrie
21149	Kentucky	1	1	2	McLean
12099	Florida	343	654	1348	Palm Beach
42113	Pennsylvania	0	1	1	Sullivan
47153	Tennessee	3	3	7	Sequatchie
12129	Florida	3	2	10	Wakulla
21133	Kentucky	3	6	10	Letcher
8051	Colorado	3	1	4	Gunnison
19097	Iowa	3	2	5	Jackson
17027	Illinois	1	2	6	Clinton
37033	North Carolina	5	4	9	Caswell
33011	New Hampshire	23	79	371	Hillsborough
31109	Nebraska	0	2	8	Lancaster
56039	Wyoming	1	0	17	Teton
17113	Illinois	5	21	66	McLean
50021	Vermont	8	13	53	Rutland
18089	Indiana	282	496	836	Lake
26057	Michigan	1	1	4	Gratiot
13005	Georgia	1	3	7	Bacon
6107	California	95	113	247	Tulare
46127	South Dakota	1	0	3	Union
37037	North Carolina	3	6	14	Chatham
17201	Illinois	86	406	883	Winnebago
46013	South Dakota	3	9	31	Brown
29019	Missouri	36	146	537	Boone
35007	New Mexico	3	2	5	Colfax
12117	Florida	48	97	202	Seminole
28083	Mississippi	19	21	43	Leflore
48499	Texas	5	7	12	Wood
48319	Texas	0	0	1	Mason
13075	Georgia	5	8	13	Cook
12119	Florida	5	14	43	Sumter
5131	Arkansas	26	36	107	Sebastian
19045	Iowa	2	10	19	Clinton
21113	Kentucky	5	9	25	Jessamine
51107	Virginia	18	14	72	Loudoun
13239	Georgia	1	2	4	Quitman
17145	Illinois	1	4	6	Perry
22065	Louisiana	6	15	13	Madison
28077	Mississippi	8	6	13	Lawrence
51149	Virginia	6	5	15	Prince George
17035	Illinois	1	1	2	Cumberland
51093	Virginia	4	3	11	Isle of Wight
48067	Texas	8	3	9	Cass
6005	California	2	0	3	Amador
12019	Florida	22	30	66	Clay
20051	Kansas	2	2	4	Ellis
55099	Wisconsin	0	1	1	Price
1123	Alabama	17	15	39	Tallapoosa
31087	Nebraska	3	0	2	Hitchcock
13021	Georgia	3	12	30	Bibb
1065	Alabama	10	2	12	Hale
13289	Georgia	3	1	7	Twiggs
51147	Virginia	1	1	7	Prince Edward
12123	Florida	4	13	11	Taylor
38005	North Dakota	2	0	2	Benson
40017	Oklahoma	4	4	17	Canadian
51037	Virginia	1	1	2	Charlotte
40091	Oklahoma	4	6	10	McIntosh
34037	New Jersey	5	9	29	Sussex
40135	Oklahoma	7	3	18	Sequoyah
47093	Tennessee	105	255	419	Knox
29157	Missouri	1	2	9	Perry
19095	Iowa	2	0	4	Iowa
29097	Missouri	34	31	140	Jasper
55015	Wisconsin	1	1	2	Calumet
2240	Alaska	3	5	22	Southeast Fairbanks
5055	Arkansas	7	8	22	Greene
5011	Arkansas	1	1	4	Bradley
56033	Wyoming	4	2	8	Sheridan
8099	Colorado	0	1	1	Prowers
54107	West Virginia	14	12	32	Wood
15009	Hawaii	7	7	24	Maui
1103	Alabama	34	54	121	Morgan
19055	Iowa	1	2	4	Delaware
54009	West Virginia	1	0	5	Brooke
27133	Minnesota	0	1	1	Rock
37115	North Carolina	2	8	8	Madison
48155	Texas	1	0	1	Foard
55057	Wisconsin	1	1	4	Juneau
13095	Georgia	41	102	220	Dougherty
18181	Indiana	6	2	8	White
21127	Kentucky	8	1	8	Lawrence
17195	Illinois	6	7	20	Whiteside
29011	Missouri	0	1	1	Barton
39071	Ohio	7	4	6	Highland
13065	Georgia	1	1	4	Clinch
39161	Ohio	0	1	3	Van Wert
6047	California	70	105	264	Merced
28129	Mississippi	1	2	3	Smith
40147	Oklahoma	10	11	34	Washington
48375	Texas	44	115	318	Potter
31025	Nebraska	1	2	8	Cass
20075	Kansas	0	0	1	Hamilton
29137	Missouri	1	3	4	Monroe
39101	Ohio	5	7	30	Marion
37121	North Carolina	1	1	2	Mitchell
55085	Wisconsin	1	3	8	Oneida
20091	Kansas	32	34	105	Johnson
5105	Arkansas	3	0	4	Perry
36059	New York	49	99	291	Nassau
37129	North Carolina	59	205	470	New Hanover
51197	Virginia	0	5	13	Wythe
13193	Georgia	91	332	486	Macon
40099	Oklahoma	2	5	7	Murray
51700	Virginia	107	352	536	Newport News
42011	Pennsylvania	52	55	98	Berks
50025	Vermont	9	4	44	Windham
21087	Kentucky	2	2	1	Green
6059	California	178	294	527	Orange
56029	Wyoming	7	7	15	Park
21043	Kentucky	2	3	6	Carter
37185	North Carolina	8	5	7	Warren
18183	Indiana	2	1	4	Whitley
22025	Louisiana	1	0	3	Catahoula
48489	Texas	4	2	3	Willacy
40117	Oklahoma	1	0	3	Pawnee
41015	Oregon	0	2	12	Curry
47027	Tennessee	4	1	3	Clay
36099	New York	1	3	13	Seneca
48451	Texas	22	24	77	Tom Green
37031	North Carolina	4	6	14	Carteret
6013	California	194	292	551	Contra Costa
8043	Colorado	11	13	36	Fremont
5033	Arkansas	4	4	11	Crawford
30105	Montana	3	1	3	Valley
18149	Indiana	1	3	4	Starke
27071	Minnesota	1	1	2	Koochiching
4015	Arizona	33	37	84	Mohave
31177	Nebraska	0	3	9	Washington
19033	Iowa	3	4	24	Cerro Gordo
21023	Kentucky	1	0	1	Bracken
25021	Massachusetts	12	34	164	Norfolk
42043	Pennsylvania	82	207	461	Dauphin
47115	Tennessee	8	3	12	Marion
20097	Kansas	0	1	1	Kiowa
45085	South Carolina	31	38	95	Sumter
39119	Ohio	9	20	33	Muskingum
1011	Alabama	8	14	19	Bullock
16053	Idaho	2	1	6	Jerome
6115	California	13	16	36	Yuba
22035	Louisiana	1	0	1	East Carroll
6101	California	9	6	22	Sutter
38079	North Dakota	3	1	6	Rolette
30013	Montana	7	12	51	Cascade
21037	Kentucky	8	9	24	Campbell
5047	Arkansas	3	1	4	Franklin
39157	Ohio	11	7	15	Tuscarawas
18031	Indiana	6	2	13	Decatur
20039	Kansas	2	2	4	Decatur
8049	Colorado	0	1	2	Grand
29183	Missouri	8	7	22	St. Charles
28109	Mississippi	14	5	23	Pearl River
39029	Ohio	8	12	17	Columbiana
54071	West Virginia	1	0	3	Pendleton
24039	Maryland	5	6	16	Somerset
29153	Missouri	1	4	10	Ozark
26021	Michigan	30	34	74	Berrien
17031	Illinois	2565	11527	12250	Cook
26111	Michigan	5	4	9	Midland
47021	Tennessee	2	4	8	Cheatham
40109	Oklahoma	286	496	966	Oklahoma
42133	Pennsylvania	85	185	354	York
27003	Minnesota	11	16	51	Anoka
6093	California	8	3	14	Siskiyou
13159	Georgia	3	2	6	Jasper
39133	Ohio	14	12	39	Portage
17067	Illinois	4	0	5	Hancock
19161	Iowa	1	4	7	Sac
55121	Wisconsin	0	2	6	Trempealeau
48207	Texas	0	0	1	Haskell
49055	Utah	0	0	1	Wayne
21075	Kentucky	1	1	2	Fulton
1043	Alabama	11	12	33	Cullman
18039	Indiana	39	69	127	Elkhart
48413	Texas	1	0	1	Schleicher
37025	North Carolina	24	33	91	Cabarrus
18057	Indiana	9	6	29	Hamilton
5073	Arkansas	1	1	2	Lafayette
42109	Pennsylvania	1	2	7	Snyder
39105	Ohio	1	4	9	Meigs
26053	Michigan	2	0	2	Gogebic
50003	Vermont	3	3	33	Bennington
27021	Minnesota	3	1	12	Cass
22069	Louisiana	12	25	60	Natchitoches
22007	Louisiana	7	4	36	Assumption
47069	Tennessee	8	11	22	Hardeman
5039	Arkansas	1	0	1	Dallas
5143	Arkansas	15	42	100	Washington
13123	Georgia	4	0	4	Gilmer
17061	Illinois	1	0	1	Greene
13161	Georgia	3	0	2	Jeff Davis
37059	North Carolina	0	4	5	Davie
48371	Texas	1	2	3	Pecos
21065	Kentucky	6	6	9	Estill
28095	Mississippi	12	26	51	Monroe
18169	Indiana	3	1	4	Wabash
39103	Ohio	10	7	26	Medina
29145	Missouri	10	2	16	Newton
37145	North Carolina	6	4	11	Person
39093	Ohio	49	109	260	Lorain
26007	Michigan	1	0	3	Alpena
22071	Louisiana	720	1935	3156	Orleans
19173	Iowa	1	1	2	Taylor
26019	Michigan	0	1	2	Benzie
30065	Montana	2	3	4	Musselshell
51015	Virginia	11	4	18	Augusta
12055	Florida	12	24	40	Highlands
48387	Texas	0	0	1	Red River
40027	Oklahoma	21	19	60	Cleveland
48197	Texas	2	0	1	Hardeman
51075	Virginia	2	0	3	Goochland
48313	Texas	2	3	6	Madison
53025	Washington	11	25	69	Grant
48479	Texas	27	44	168	Webb
6055	California	13	8	22	Napa
51580	Virginia	0	2	7	Covington
40139	Oklahoma	2	0	4	Texas
16047	Idaho	4	3	7	Gooding
20011	Kansas	0	0	2	Bourbon
5093	Arkansas	29	61	114	Mississippi
18029	Indiana	3	3	11	Dearborn
2158	Alaska	7	7	23	Unknown
19057	Iowa	70	251	592	Des Moines
18167	Indiana	17	35	75	Vigo
21109	Kentucky	6	9	15	Jackson
37165	North Carolina	15	29	47	Scotland
37001	North Carolina	20	84	203	Alamance
42025	Pennsylvania	2	6	15	Carbon
39147	Ohio	7	10	18	Seneca
9001	Connecticut	88	470	1075	Fairfield
35028	New Mexico	0	0	5	Los Alamos
18075	Indiana	0	2	2	Jay
1107	Alabama	3	8	7	Pickens
42039	Pennsylvania	7	6	13	Crawford
27091	Minnesota	1	1	2	Martin
19035	Iowa	0	0	2	Cherokee
55097	Wisconsin	7	5	25	Portage
31045	Nebraska	1	0	2	Dawes
17001	Illinois	5	19	68	Adams
22045	Louisiana	27	65	105	Iberia
51063	Virginia	0	1	3	Floyd
37175	North Carolina	3	2	7	Transylvania
16069	Idaho	3	7	19	Nez Perce
24011	Maryland	1	1	8	Caroline
13105	Georgia	6	3	7	Elbert
4007	Arizona	4	1	8	Gila
45071	South Carolina	12	10	28	Newberry
27163	Minnesota	16	11	41	Washington
1085	Alabama	5	3	8	Lowndes
27135	Minnesota	0	0	3	Roseau
5003	Arkansas	3	2	6	Ashley
48265	Texas	7	2	7	Kerr
40093	Oklahoma	0	0	1	Major
17029	Illinois	2	7	28	Coles
28133	Mississippi	1	5	4	Sunflower
21005	Kentucky	6	3	15	Anderson
37107	North Carolina	30	116	204	Lenoir
48357	Texas	0	1	1	Ochiltree
30029	Montana	8	17	59	Flathead
2220	Alaska	1	2	3	Sitka
9015	Connecticut	5	9	46	Windham
48121	Texas	32	31	77	Denton
31175	Nebraska	0	0	1	Valley
21015	Kentucky	14	9	44	Boone
42075	Pennsylvania	19	28	101	Lebanon
19043	Iowa	0	2	3	Clayton
19163	Iowa	30	97	332	Scott
48351	Texas	2	1	3	Newton
42069	Pennsylvania	9	15	80	Lackawanna
22011	Louisiana	8	3	12	Beauregard
12027	Florida	4	1	4	DeSoto
48201	Texas	271	356	645	Harris
13217	Georgia	27	17	61	Newton
1037	Alabama	5	2	7	Coosa
37083	North Carolina	22	66	94	Halifax
18095	Indiana	15	24	60	Madison
48365	Texas	9	6	11	Panola
17063	Illinois	1	2	8	Grundy
29069	Missouri	9	8	19	Dunklin
16041	Idaho	5	1	2	Franklin
53075	Washington	4	7	19	Whitman
39163	Ohio	0	0	3	Vinton
37137	North Carolina	6	5	14	Pamlico
40103	Oklahoma	1	2	5	Noble
53001	Washington	1	2	5	Adams
34019	New Jersey	1	3	11	Hunterdon
21103	Kentucky	1	1	4	Henry
21143	Kentucky	3	3	8	Lyon
27097	Minnesota	1	1	4	Morrison
8009	Colorado	0	0	1	Baca
55019	Wisconsin	4	2	5	Clark
37195	North Carolina	17	6	24	Wilson
5137	Arkansas	2	0	1	Stone
47005	Tennessee	3	1	7	Benton
36057	New York	2	1	11	Montgomery
48221	Texas	1	1	4	Hood
1045	Alabama	7	18	29	Dale
22119	Louisiana	3	11	18	Webster
56007	Wyoming	1	0	5	Carbon
39165	Ohio	40	73	156	Warren
26055	Michigan	5	3	33	Grand Traverse
46083	South Dakota	5	3	5	Lincoln
12033	Florida	64	119	265	Escambia
6039	California	20	29	52	Madera
17115	Illinois	23	79	147	Macon
19037	Iowa	1	1	3	Chickasaw
45043	South Carolina	14	25	62	Georgetown
48163	Texas	2	0	3	Frio
8081	Colorado	3	2	5	Moffat
30085	Montana	0	0	2	Roosevelt
13297	Georgia	10	6	18	Walton
38075	North Dakota	0	1	1	Renville
48209	Texas	23	21	50	Hays
12003	Florida	7	9	20	Baker
1053	Alabama	15	9	28	Escambia
37131	North Carolina	8	10	19	Northampton
20077	Kansas	0	0	1	Harper
4017	Arizona	12	8	17	Navajo
22031	Louisiana	3	5	14	De Soto
37133	North Carolina	35	40	111	Onslow
26079	Michigan	2	0	3	Kalkaska
19013	Iowa	21	109	510	Black Hawk
51550	Virginia	43	83	137	Chesapeake
42031	Pennsylvania	0	0	2	Clarion
19027	Iowa	0	1	1	Carroll
6095	California	79	120	198	Solano
48167	Texas	66	51	156	Galveston
40065	Oklahoma	5	16	39	Jackson
22067	Louisiana	4	11	17	Morehouse
18097	Indiana	648	1168	1986	Marion
54025	West Virginia	4	16	23	Greenbrier
21131	Kentucky	1	7	5	Leslie
53011	Washington	43	67	228	Clark
19011	Iowa	1	1	2	Benton
55101	Wisconsin	24	63	232	Racine
27127	Minnesota	0	1	1	Redwood
29223	Missouri	3	3	5	Wayne
1021	Alabama	5	13	21	Chilton
18127	Indiana	12	11	73	Porter
1047	Alabama	50	110	146	Dallas
31079	Nebraska	4	2	17	Hall
34011	New Jersey	45	122	256	Cumberland
48061	Texas	21	24	62	Cameron
49049	Utah	36	23	94	Utah
33009	New Hampshire	10	2	29	Grafton
54007	West Virginia	1	2	5	Braxton
48099	Texas	9	10	51	Coryell
39159	Ohio	1	1	4	Union
36105	New York	6	10	53	Sullivan
18015	Indiana	0	0	2	Carroll
26031	Michigan	0	1	1	Cheboygan
27129	Minnesota	0	1	1	Renville
39073	Ohio	7	2	5	Hocking
46105	South Dakota	1	0	1	Perkins
55083	Wisconsin	2	1	3	Oconto
30053	Montana	5	2	13	Lincoln
27107	Minnesota	2	1	4	Norman
2110	Alaska	7	9	99	Juneau
22053	Louisiana	12	10	31	Jefferson Davis
29035	Missouri	1	0	1	Carter
51101	Virginia	2	1	2	King William
5129	Arkansas	7	4	16	Searcy
40119	Oklahoma	10	13	29	Payne
5027	Arkansas	3	1	5	Columbia
55079	Wisconsin	513	1596	2616	Milwaukee
18021	Indiana	4	3	12	Clay
42057	Pennsylvania	5	1	5	Fulton
13107	Georgia	9	5	12	Emanuel
47173	Tennessee	3	1	6	Union
48237	Texas	1	1	2	Jack
40125	Oklahoma	9	13	26	Pottawatomie
37011	North Carolina	1	0	2	Avery
49017	Utah	0	1	1	Garfield
51790	Virginia	4	7	14	Staunton
12061	Florida	21	38	120	Indian River
18011	Indiana	9	5	12	Boone
28079	Mississippi	7	4	10	Leake
35061	New Mexico	15	12	29	Valencia
18061	Indiana	4	2	6	Harrison
53021	Washington	18	26	52	Franklin
18035	Indiana	21	51	96	Delaware
16079	Idaho	2	4	15	Shoshone
50023	Vermont	12	5	66	Washington
48477	Texas	3	1	6	Washington
5145	Arkansas	14	10	23	White
19133	Iowa	0	2	4	Monona
36021	New York	1	11	23	Columbia
47037	Tennessee	309	897	1482	Davidson
13111	Georgia	0	1	1	Fannin
12086	Florida	541	977	1413	Miami-Dade
5049	Arkansas	0	0	1	Fulton
56015	Wyoming	3	0	2	Goshen
13009	Georgia	19	26	68	Baldwin
48253	Texas	5	0	6	Jones
31073	Nebraska	0	0	1	Gosper
16059	Idaho	1	1	2	Lemhi
12065	Florida	2	1	3	Jefferson
37197	North Carolina	3	5	8	Yadkin
55065	Wisconsin	1	1	3	Lafayette
37089	North Carolina	28	43	92	Henderson
55035	Wisconsin	9	6	43	Eau Claire
55117	Wisconsin	5	8	29	Sheboygan
21151	Kentucky	14	17	53	Madison
21053	Kentucky	3	0	2	Clinton
35047	New Mexico	2	4	11	San Miguel
51177	Virginia	7	10	19	Spotsylvania
49005	Utah	12	14	38	Cache
28089	Mississippi	24	33	58	Madison
48015	Texas	132	196	533	Austin
30017	Montana	1	1	2	Custer
21153	Kentucky	1	0	1	Magoffin
19081	Iowa	1	0	2	Hancock
54045	West Virginia	7	12	30	Logan
48055	Texas	4	6	9	Caldwell
45061	South Carolina	5	3	9	Lee
33015	New Hampshire	22	16	188	Rockingham
44007	Rhode Island	57	334	796	Providence
21191	Kentucky	1	0	3	Pendleton
17151	Illinois	1	1	1	Pope
29135	Missouri	2	1	9	Moniteau
21011	Kentucky	5	0	5	Bath
17037	Illinois	7	9	21	DeKalb
8063	Colorado	0	1	1	Kit Carson
17051	Illinois	2	1	3	Fayette
26097	Michigan	2	0	2	Mackinac
18087	Indiana	0	2	7	LaGrange
48031	Texas	0	0	1	Blanco
45015	South Carolina	30	56	119	Berkeley
53003	Washington	1	2	5	Asotin
55013	Wisconsin	0	0	3	Burnett
19017	Iowa	2	1	7	Bremer
22019	Louisiana	47	71	150	Calcasieu
18081	Indiana	13	19	53	Johnson
48251	Texas	10	7	14	Johnson
38099	North Dakota	0	1	1	Walsh
31049	Nebraska	1	1	1	Deuel
37093	North Carolina	7	16	29	Hoke
47003	Tennessee	3	3	13	Bedford
21155	Kentucky	4	0	6	Marion
49027	Utah	0	1	3	Millard
46047	South Dakota	0	1	1	Fall River
46011	South Dakota	0	4	8	Brookings
17137	Illinois	2	4	12	Morgan
2195	Alaska	0	1	1	Petersburg
26071	Michigan	2	2	4	Iron
39013	Ohio	9	11	22	Belmont
20007	Kansas	2	0	2	Barber
37071	North Carolina	43	53	150	Gaston
41029	Oregon	25	33	222	Jackson
29205	Missouri	0	0	1	Shelby
39081	Ohio	9	21	33	Jefferson
21145	Kentucky	5	20	94	McCracken
28117	Mississippi	12	11	29	Prentiss
36067	New York	84	408	690	Onondaga
29067	Missouri	4	6	7	Douglas
18093	Indiana	8	11	25	Lawrence
17097	Illinois	41	62	151	Lake
16029	Idaho	0	1	4	Caribou
27019	Minnesota	4	4	13	Carver
17041	Illinois	1	0	2	Douglas
54033	West Virginia	15	16	65	Harrison
56011	Wyoming	0	0	1	Crook
17049	Illinois	1	2	8	Effingham
29101	Missouri	6	4	10	Johnson
21033	Kentucky	5	1	7	Caldwell
18157	Indiana	16	46	175	Tippecanoe
48159	Texas	2	1	4	Franklin
22005	Louisiana	25	22	59	Ascension
21237	Kentucky	3	10	12	Wolfe
24045	Maryland	15	22	58	Wicomico
5089	Arkansas	4	5	12	Marion
17007	Illinois	3	2	15	Boone
17045	Illinois	0	0	1	Edgar
1093	Alabama	4	4	10	Marion
39143	Ohio	20	40	100	Sandusky
35045	New Mexico	21	26	66	San Juan
22127	Louisiana	2	0	3	Winn
18145	Indiana	5	4	13	Shelby
21073	Kentucky	14	20	62	Franklin
36051	New York	1	7	25	Livingston
42059	Pennsylvania	9	4	14	Greene
45053	South Carolina	28	32	78	Jasper
26003	Michigan	1	0	1	Alger
8077	Colorado	24	31	241	Mesa
19117	Iowa	0	1	1	Lucas
27093	Minnesota	2	2	4	Meeker
48379	Texas	1	2	4	Rains
29209	Missouri	2	2	6	Stone
27147	Minnesota	3	3	7	Steele
5037	Arkansas	4	9	15	Cross
18135	Indiana	3	0	12	Randolph
28011	Mississippi	11	17	22	Bolivar
53049	Washington	1	1	1	Pacific
37119	North Carolina	284	825	1337	Mecklenburg
18165	Indiana	0	0	2	Vermillion
6037	California	1763	1701	3350	Los Angeles
16051	Idaho	2	8	14	Jefferson
19041	Iowa	1	2	7	Clay
51083	Virginia	5	12	15	Halifax
29077	Missouri	76	123	368	Greene
13087	Georgia	89	114	169	Decatur
8097	Colorado	1	0	8	Pitkin
48485	Texas	26	29	95	Wichita
48291	Texas	14	12	30	Liberty
51099	Virginia	3	6	9	King George
2130	Alaska	4	0	16	Ketchikan Gateway
29213	Missouri	7	3	17	Taney
13227	Georgia	2	2	3	Pickens
29005	Missouri	0	0	1	Atchison
2185	Alaska	8	1	11	North Slope
48169	Texas	1	0	2	Garza
1057	Alabama	1	1	2	Fayette
12091	Florida	29	77	204	Okaloosa
37019	North Carolina	13	24	74	Brunswick
51740	Virginia	58	208	271	Portsmouth
37171	North Carolina	13	11	28	Surry
28153	Mississippi	15	11	19	Wayne
27015	Minnesota	2	0	2	Brown
16035	Idaho	2	0	4	Clearwater
18103	Indiana	2	2	12	Miami
6111	California	57	156	386	Ventura
8089	Colorado	1	1	3	Otero
27109	Minnesota	8	30	190	Olmsted
38071	North Dakota	0	1	7	Ramsey
40113	Oklahoma	5	2	11	Osage
20185	Kansas	1	0	2	Stafford
6103	California	18	19	174	Tehama
12073	Florida	67	128	264	Leon
39061	Ohio	358	1016	1472	Hamilton
18109	Indiana	1	2	6	Morgan
26023	Michigan	2	5	7	Branch
20085	Kansas	0	1	8	Jackson
39125	Ohio	5	1	7	Paulding
23009	Maine	3	4	20	Hancock
48193	Texas	1	1	3	Hamilton
48467	Texas	10	3	15	Van Zandt
26037	Michigan	3	3	8	Clinton
37067	North Carolina	86	183	344	Forsyth
19099	Iowa	4	4	11	Jasper
8031	Colorado	209	325	698	Denver
37043	North Carolina	0	1	1	Clay
42017	Pennsylvania	29	22	83	Bucks
13233	Georgia	7	2	14	Polk
13287	Georgia	2	1	5	Turner
19003	Iowa	1	1	2	Adams
20127	Kansas	0	1	1	Morris
12017	Florida	12	10	24	Citrus
55009	Wisconsin	18	16	80	Brown
23029	Maine	1	4	7	Washington
13059	Georgia	21	74	381	Clarke
19031	Iowa	1	1	3	Cedar
27035	Minnesota	3	5	49	Crow Wing
50019	Vermont	2	2	17	Orleans
48331	Texas	3	0	2	Milam
22033	Louisiana	372	483	936	East Baton Rouge
53057	Washington	18	5	26	Skagit
26035	Michigan	2	7	15	Clare
4009	Arizona	1	4	9	Graham
47103	Tennessee	3	6	7	Lincoln
28131	Mississippi	5	8	12	Stone
17077	Illinois	9	36	102	Jackson
49057	Utah	29	30	81	Weber
12057	Florida	220	373	839	Hillsborough
26141	Michigan	3	0	3	Presque Isle
48349	Texas	9	4	9	Navarro
13317	Georgia	0	0	1	Wilkes
56037	Wyoming	1	1	3	Sweetwater
1077	Alabama	16	37	59	Lauderdale
32033	Nevada	2	1	3	White Pine
36049	New York	1	1	9	Lewis
48373	Texas	5	5	7	Polk
42121	Pennsylvania	1	1	2	Venango
20103	Kansas	7	21	55	Leavenworth
17157	Illinois	3	0	4	Randolph
17167	Illinois	41	116	316	Sangamon
41043	Oregon	9	18	120	Linn
36117	New York	0	4	13	Wayne
8019	Colorado	1	1	2	Clear Creek
17133	Illinois	3	0	5	Monroe
32031	Nevada	91	136	332	Washoe
1121	Alabama	24	12	41	Talladega
19171	Iowa	1	0	4	Tama
30095	Montana	3	0	2	Stillwater
6045	California	11	11	33	Mendocino
45035	South Carolina	53	58	171	Dorchester
48075	Texas	2	2	4	Childress
19143	Iowa	1	0	2	Osceola
12087	Florida	13	16	94	Monroe
41025	Oregon	1	2	4	Harney
48273	Texas	1	0	2	Kleberg
47177	Tennessee	4	1	5	Warren
55003	Wisconsin	4	1	4	Ashland
51775	Virginia	0	2	7	Salem
48437	Texas	3	0	4	Swisher
46035	South Dakota	2	1	12	Davison
56001	Wyoming	1	1	2	Albany
29179	Missouri	3	1	2	Reynolds
1079	Alabama	7	6	11	Lawrence
21125	Kentucky	18	19	50	Laurel
26109	Michigan	2	0	2	Menominee
8021	Colorado	4	1	2	Conejos
35013	New Mexico	36	44	113	Do??a Ana
21105	Kentucky	2	0	3	Hickman
48077	Texas	3	0	3	Clay
29031	Missouri	25	61	149	Cape Girardeau
45037	South Carolina	7	2	8	Edgefield
48073	Texas	4	4	12	Cherokee
42085	Pennsylvania	11	16	31	Mercer
42055	Pennsylvania	15	17	70	Franklin
36045	New York	5	6	38	Jefferson
17189	Illinois	1	2	3	Washington
12105	Florida	88	95	223	Polk
2290	Alaska	4	0	15	Yukon-Koyukuk
35033	New Mexico	2	1	1	Mora
39067	Ohio	6	18	31	Harrison
5077	Arkansas	2	0	3	Lee
16001	Idaho	10	13	40	Ada
30071	Montana	1	0	1	Phillips
26161	Michigan	33	81	250	Washtenaw
48483	Texas	0	2	2	Wheeler
47015	Tennessee	2	3	4	Cannon
55027	Wisconsin	4	6	22	Dodge
46087	South Dakota	0	1	1	McCook
35051	New Mexico	4	0	5	Sierra
53053	Washington	147	169	454	Pierce
45083	South Carolina	69	158	335	Spartanburg
19159	Iowa	0	0	1	Ringgold
27173	Minnesota	1	1	3	Yellow Medicine
28115	Mississippi	2	8	12	Pontotoc
37189	North Carolina	4	6	20	Watauga
40133	Oklahoma	7	2	8	Seminole
38055	North Dakota	1	2	5	McLean
13189	Georgia	12	2	19	McDuffie
27131	Minnesota	2	5	5	Rice
46129	South Dakota	0	0	1	Walworth
39117	Ohio	1	0	4	Morrow
12053	Florida	32	28	103	Hernando
28031	Mississippi	10	7	16	Covington
48441	Texas	30	55	148	Taylor
1015	Alabama	59	50	98	Calhoun
17149	Illinois	1	0	1	Pike
48471	Texas	6	18	36	Walker
12023	Florida	14	29	56	Columbia
31147	Nebraska	1	0	2	Richardson
39141	Ohio	5	11	41	Ross
18177	Indiana	13	41	96	Wayne
51187	Virginia	1	0	1	Warren
16011	Idaho	3	3	19	Bingham
1125	Alabama	47	171	254	Tuscaloosa
8117	Colorado	3	1	4	Summit
21187	Kentucky	0	2	1	Owen
56041	Wyoming	1	1	3	Uinta
13207	Georgia	6	2	11	Monroe
45081	South Carolina	1	5	8	Saluda
17199	Illinois	6	4	27	Williamson
21209	Kentucky	9	11	30	Scott
39131	Ohio	11	1	6	Pike
48397	Texas	7	4	11	Rockwall
12031	Florida	427	1136	2343	Duval
48135	Texas	31	40	104	Ector
51630	Virginia	12	14	45	Fredericksburg
20099	Kansas	8	5	26	Labette
24510	Maryland	1132	2577	4173	Baltimore
17081	Illinois	4	8	43	Jefferson
51590	Virginia	39	93	151	Danville
37073	North Carolina	1	0	1	Gates
5087	Arkansas	2	2	6	Madison
54109	West Virginia	2	6	9	Wyoming
13165	Georgia	3	1	4	Jenkins
54041	West Virginia	3	1	8	Lewis
19179	Iowa	5	6	15	Wapello
35025	New Mexico	11	13	30	Lea
39129	Ohio	8	1	11	Pickaway
17177	Illinois	4	22	65	Stephenson
32029	Nevada	1	2	3	Storey
42073	Pennsylvania	24	25	63	Lawrence
29013	Missouri	0	0	1	Bates
51057	Virginia	0	1	1	Essex
51670	Virginia	12	42	54	Hopewell
30027	Montana	0	0	1	Fergus
39063	Ohio	9	5	17	Hancock
31041	Nebraska	0	1	1	Custer
36065	New York	18	69	226	Oneida
30001	Montana	1	2	5	Beaverhead
39011	Ohio	0	2	4	Auglaize
20145	Kansas	1	0	1	Pawnee
28065	Mississippi	2	2	4	Jefferson Davis
1127	Alabama	19	18	29	Walker
51031	Virginia	4	6	15	Campbell
48203	Texas	21	13	59	Harrison
35005	New Mexico	30	24	95	Chaves
30007	Montana	0	0	3	Broadwater
27027	Minnesota	2	8	35	Clay
48281	Texas	4	2	7	Lampasas
47081	Tennessee	8	6	13	Hickman
54063	West Virginia	2	0	3	Monroe
51125	Virginia	1	5	11	Nelson
36023	New York	1	2	13	Cortland
50013	Vermont	0	3	4	Grand Isle
37181	North Carolina	1	2	2	Vance
17065	Illinois	1	0	3	Hamilton
53017	Washington	2	1	6	Douglas
27115	Minnesota	1	3	8	Pine
8121	Colorado	1	0	1	Washington
26091	Michigan	6	8	21	Lenawee
6009	California	7	1	17	Calaveras
28125	Mississippi	4	1	3	Sharkey
55055	Wisconsin	7	0	10	Jefferson
13221	Georgia	1	3	3	Oglethorpe
8113	Colorado	0	0	1	San Miguel
21003	Kentucky	6	4	10	Allen
5139	Arkansas	17	7	23	Union
25025	Massachusetts	190	632	1867	Suffolk
42009	Pennsylvania	5	4	15	Bedford
6065	California	275	337	800	Riverside
12115	Florida	48	59	180	Sarasota
47025	Tennessee	2	2	6	Claiborne
19105	Iowa	0	1	2	Jones
54097	West Virginia	1	0	4	Upshur
29001	Missouri	5	3	10	Adair
26017	Michigan	10	16	68	Bay
55137	Wisconsin	1	0	5	Waushara
55141	Wisconsin	7	8	64	Wood
29165	Missouri	6	4	10	Platte
37041	North Carolina	2	12	10	Chowan
26047	Michigan	0	0	1	Emmet
20173	Kansas	9	17	33	Sedgwick
20113	Kansas	6	3	9	McPherson
53061	Washington	49	107	247	Snohomish
20163	Kansas	0	1	1	Rooks
29121	Missouri	2	1	3	Macon
39057	Ohio	12	25	71	Greene
19125	Iowa	2	6	15	Marion
13281	Georgia	2	0	4	Towns
1051	Alabama	18	22	46	Elmore
37109	North Carolina	7	14	32	Lincoln
49045	Utah	5	5	14	Tooele
37193	North Carolina	8	3	9	Wilkes
18053	Indiana	1	1	3	Grant
28149	Mississippi	22	52	78	Warren
5127	Arkansas	1	2	3	Scott
47073	Tennessee	9	11	31	Hawkins
20139	Kansas	0	2	2	Osage
29127	Missouri	1	8	16	Marion
21167	Kentucky	3	3	8	Mercer
19005	Iowa	0	1	1	Allamakee
30101	Montana	0	1	1	Toole
21129	Kentucky	7	1	6	Lee
21159	Kentucky	8	0	7	Martin
47029	Tennessee	6	3	13	Cocke
20027	Kansas	0	1	1	Clay
39091	Ohio	3	4	9	Logan
19053	Iowa	0	0	1	Decatur
38035	North Dakota	7	8	36	Grand Forks
28047	Mississippi	65	114	287	Harrison
47111	Tennessee	3	1	3	Macon
38105	North Dakota	6	11	60	Williams
41001	Oregon	2	3	9	Baker
21085	Kentucky	6	3	12	Grayson
42125	Pennsylvania	36	29	101	Washington
51139	Virginia	0	1	1	Page
18119	Indiana	2	0	2	Owen
18099	Indiana	0	2	7	Marshall
12085	Florida	11	26	79	Martin
40021	Oklahoma	6	8	21	Cherokee
1061	Alabama	4	7	11	Geneva
35057	New Mexico	3	2	5	Torrance
17103	Illinois	2	1	6	Lee
50009	Vermont	3	0	5	Essex
49041	Utah	1	4	9	Sevier
5009	Arkansas	11	1	11	Boone
48321	Texas	3	2	8	Matagorda
21059	Kentucky	11	28	74	Daviess
48423	Texas	15	17	42	Smith
18091	Indiana	13	25	61	LaPorte
13223	Georgia	20	6	28	Paulding
29181	Missouri	5	2	6	Ripley
55001	Wisconsin	3	2	5	Adams
18115	Indiana	2	0	2	Ohio
23001	Maine	1	11	50	Androscoggin
27079	Minnesota	1	0	2	Le Sueur
37167	North Carolina	15	18	35	Stanly
18111	Indiana	1	1	2	Newton
47007	Tennessee	3	0	3	Bledsoe
18003	Indiana	144	339	613	Allen
2164	Alaska	2	0	8	Lake and Peninsula
1101	Alabama	178	325	498	Montgomery
47171	Tennessee	5	2	7	Unicoi
45019	South Carolina	217	373	822	Charleston
48299	Texas	2	1	5	Llano
1087	Alabama	19	13	28	Macon
21111	Kentucky	402	804	1427	Jefferson
17043	Illinois	25	17	77	DuPage
17185	Illinois	0	2	1	Wabash
38009	North Dakota	2	0	1	Bottineau
13191	Georgia	1	5	2	McIntosh
8103	Colorado	1	0	1	Rio Blanco
26129	Michigan	3	0	3	Ogemaw
6017	California	15	10	33	El Dorado
39153	Ohio	122	223	442	Summit
21235	Kentucky	14	15	34	Whitley
34023	New Jersey	26	60	120	Middlesex
48347	Texas	13	12	32	Nacogdoches
26001	Michigan	0	1	1	Alcona
51119	Virginia	3	1	5	Middlesex
48337	Texas	4	0	3	Montague
55078	Wisconsin	0	0	5	Menominee
24027	Maryland	21	16	49	Howard
31141	Nebraska	3	1	17	Platte
47083	Tennessee	0	1	1	Houston
48149	Texas	7	0	7	Fayette
17147	Illinois	1	0	4	Piatt
37069	North Carolina	13	8	23	Franklin
32013	Nevada	0	1	2	Humboldt
38101	North Dakota	2	30	95	Ward
19153	Iowa	10	19	41	Polk
30061	Montana	3	1	3	Mineral
35015	New Mexico	17	27	95	Eddy
47079	Tennessee	7	8	23	Henry
25015	Massachusetts	1	12	34	Hampshire
13139	Georgia	20	28	71	Hall
51071	Virginia	3	3	8	Giles
40149	Oklahoma	1	1	2	Washita
48497	Texas	4	1	8	Wise
37157	North Carolina	21	50	86	Rockingham
13299	Georgia	9	6	9	Ware
9007	Connecticut	8	8	47	Middlesex
13215	Georgia	110	387	818	Muscogee
19137	Iowa	1	2	9	Montgomery
6083	California	43	41	103	Santa Barbara
1039	Alabama	7	10	20	Covington
51183	Virginia	1	4	5	Sussex
45067	South Carolina	17	36	58	Marion
13043	Georgia	4	1	7	Candler
25013	Massachusetts	72	331	1047	Hampden
27165	Minnesota	2	0	3	Watonwan
8119	Colorado	2	0	6	Teller
48219	Texas	4	3	14	Hockley
36071	New York	27	70	189	Orange
29037	Missouri	10	10	19	Cass
55105	Wisconsin	20	51	146	Rock
55005	Wisconsin	10	4	19	Barron
28043	Mississippi	18	15	42	Grenada
42051	Pennsylvania	29	44	99	Fayette
47051	Tennessee	7	8	37	Franklin
13205	Georgia	3	8	11	Mitchell
48139	Texas	9	10	23	Ellis
33013	New Hampshire	7	12	87	Merrimack
54085	West Virginia	1	1	2	Ritchie
28107	Mississippi	18	20	35	Panola
40013	Oklahoma	1	4	14	Bryan
37015	North Carolina	6	7	15	Bertie
29201	Missouri	12	23	48	Scott
39003	Ohio	11	22	34	Allen
35037	New Mexico	3	2	5	Quay
48503	Texas	2	3	3	Young
29155	Missouri	7	11	13	Pemiscot
46007	South Dakota	0	0	1	Bennett
20037	Kansas	2	8	24	Crawford
16067	Idaho	2	2	6	Minidoka
22055	Louisiana	81	146	287	Lafayette
13151	Georgia	30	23	50	Henry
38013	North Dakota	1	0	1	Burke
16003	Idaho	1	0	1	Adams
13171	Georgia	0	3	4	Lamar
5121	Arkansas	2	0	4	Randolph
27043	Minnesota	4	3	5	Faribault
48463	Texas	4	7	3	Uvalde
5081	Arkansas	5	1	7	Little River
51167	Virginia	5	6	13	Russell
17197	Illinois	79	113	303	Will
8014	Colorado	3	2	8	Broomfield
19101	Iowa	2	1	4	Jefferson
41057	Oregon	0	1	3	Tillamook
28135	Mississippi	0	0	1	Tallahatchie
28001	Mississippi	24	38	71	Adams
41003	Oregon	7	6	26	Benton
48001	Texas	18	14	31	Anderson
51023	Virginia	2	0	8	Botetourt
17055	Illinois	7	6	18	Franklin
38057	North Dakota	0	0	2	Mercer
36019	New York	6	5	17	Clinton
21221	Kentucky	4	5	12	Trigg
13271	Georgia	2	1	2	Telfair
21233	Kentucky	1	2	4	Webster
13127	Georgia	23	43	88	Glynn
13183	Georgia	4	1	6	Long
1091	Alabama	4	4	12	Marengo
37123	North Carolina	4	3	7	Montgomery
19119	Iowa	0	4	6	Lyon
51029	Virginia	3	0	2	Buckingham
29039	Missouri	4	1	4	Cedar
21019	Kentucky	4	4	19	Boyd
33007	New Hampshire	4	4	12	Coos
13145	Georgia	1	1	4	Harris
47101	Tennessee	4	2	6	Lewis
37099	North Carolina	3	2	5	Jackson
6007	California	30	84	220	Butte
21137	Kentucky	1	3	12	Lincoln
39043	Ohio	1	4	6	Erie
13121	Georgia	457	782	1581	Fulton
30043	Montana	3	2	5	Jefferson
48439	Texas	374	400	869	Tarrant
40095	Oklahoma	1	3	8	Marshall
28051	Mississippi	18	11	29	Holmes
30083	Montana	1	1	3	Richland
5061	Arkansas	1	0	1	Howard
5107	Arkansas	11	31	46	Phillips
21027	Kentucky	5	1	4	Breckinridge
20021	Kansas	3	1	10	Cherokee
39037	Ohio	0	6	11	Darke
13085	Georgia	5	7	18	Dawson
37139	North Carolina	12	40	62	Pasquotank
12045	Florida	0	3	8	Gulf
27161	Minnesota	1	0	2	Waseca
23021	Maine	2	5	7	Piscataquis
1083	Alabama	14	31	72	Limestone
27045	Minnesota	1	0	3	Fillmore
24031	Maryland	46	51	98	Montgomery
27145	Minnesota	8	27	70	Stearns
13079	Georgia	4	7	8	Crawford
31137	Nebraska	0	1	1	Phelps
38093	North Dakota	3	3	8	Stutsman
55007	Wisconsin	2	0	1	Bayfield
39025	Ohio	11	11	26	Clermont
2016	Alaska	0	0	1	Aleutians West
45059	South Carolina	12	27	46	Laurens
30063	Montana	16	11	71	Missoula
31051	Nebraska	1	0	1	Dixon
21227	Kentucky	12	39	90	Warren
18083	Indiana	7	1	7	Knox
5097	Arkansas	1	0	1	Montgomery
13175	Georgia	11	8	16	Laurens
38007	North Dakota	1	0	1	Billings
13177	Georgia	3	2	11	Lee
13179	Georgia	14	12	31	Liberty
44005	Rhode Island	6	4	18	Newport
1111	Alabama	3	3	3	Randolph
6035	California	3	1	3	Lassen
55077	Wisconsin	1	1	2	Marquette
40023	Oklahoma	5	4	15	Choctaw
56005	Wyoming	5	2	13	Campbell
44001	Rhode Island	0	3	6	Bristol
28155	Mississippi	2	2	4	Webster
36077	New York	5	2	22	Otsego
9003	Connecticut	113	346	825	Hartford
18055	Indiana	5	1	7	Greene
48115	Texas	2	3	5	Dawson
21095	Kentucky	6	6	26	Harlan
31023	Nebraska	0	1	1	Butler
45065	South Carolina	3	2	4	McCormick
31053	Nebraska	2	4	10	Dodge
2050	Alaska	11	13	41	Bethel
34003	New Jersey	33	27	155	Bergen
40153	Oklahoma	0	4	5	Woodward
28069	Mississippi	3	7	13	Kemper
28147	Mississippi	7	1	8	Walthall
51121	Virginia	7	5	18	Montgomery
1013	Alabama	12	10	28	Butler
21009	Kentucky	3	17	42	Barren
49033	Utah	2	2	2	Rich
24019	Maryland	4	5	12	Dorchester
9009	Connecticut	101	375	832	New Haven
55045	Wisconsin	0	0	2	Green
5023	Arkansas	5	3	7	Cleburne
42045	Pennsylvania	36	66	129	Delaware
12009	Florida	91	159	338	Brevard
31071	Nebraska	2	0	1	Garfield
28101	Mississippi	4	6	10	Newton
51011	Virginia	3	3	6	Appomattox
47023	Tennessee	1	1	3	Chester
37009	North Carolina	2	2	4	Ashe
46123	South Dakota	1	0	2	Tripp
39055	Ohio	1	1	5	Geauga
37105	North Carolina	21	36	61	Lee
28075	Mississippi	56	177	362	Lauderdale
48239	Texas	1	0	2	Jackson
21213	Kentucky	3	1	3	Simpson
29023	Missouri	12	6	29	Butler
2188	Alaska	5	0	15	Northwest Arctic
5013	Arkansas	2	1	2	Calhoun
20115	Kansas	1	1	3	Marion
2013		0	0	0	Aleutians East
2201		0	0	0	Prince of Wales-Outer Ketchikan
2232		0	0	0	Skagway-Hoonah-Angoon
2270		0	0	0	Wade Hampton
2280		0	0	0	Wrangell-Petersburg
2282		0	0	0	Yakutat
1115		0	0	0	St. Clair
5025		0	0	0	Cleveland
5123		0	0	0	St. Francis
6027		0	0	0	Inyo
6051		0	0	0	Mono
6063		0	0	0	Plumas
6091		0	0	0	Sierra
8011		0	0	0	Bent
8017		0	0	0	Cheyenne
8025		0	0	0	Crowley
8033		0	0	0	Dolores
8053		0	0	0	Hinsdale
8057		0	0	0	Jackson
8061		0	0	0	Kiowa
8075		0	0	0	Logan
8079		0	0	0	Mineral
8091		0	0	0	Ouray
8111		0	0	0	San Juan
8115		0	0	0	Sedgwick
12043		0	0	0	Glades
12049		0	0	0	Hardee
13007		0	0	0	Baker
13025		0	0	0	Brantley
13035		0	0	0	Butts
13101		0	0	0	Echols
13125		0	0	0	Glascock
13149		0	0	0	Heard
13201		0	0	0	Miller
13249		0	0	0	Schley
13253		0	0	0	Seminole
13259		0	0	0	Stewart
13269		0	0	0	Taylor
13273		0	0	0	Terrell
13283		0	0	0	Treutlen
13309		0	0	0	Wheeler
15005		0	0	0	Kalawao
19001		0	0	0	Adair
19009		0	0	0	Audubon
19051		0	0	0	Davis
19079		0	0	0	Hamilton
19135		0	0	0	Monroe
19141		0	0	0	O'Brien
19151		0	0	0	Pocahontas
19165		0	0	0	Shelby
19177		0	0	0	Van Buren
19181		0	0	0	Warren
19185		0	0	0	Wayne
19195		0	0	0	Worth
16007		0	0	0	Bear Lake
16023		0	0	0	Butte
16025		0	0	0	Camas
16043		0	0	0	Fremont
16063		0	0	0	Lincoln
17009		0	0	0	Brown
17013		0	0	0	Calhoun
17017		0	0	0	Cass
17023		0	0	0	Clark
17033		0	0	0	Crawford
17039		0	0	0	De Witt
17079		0	0	0	Jasper
17101		0	0	0	Lawrence
17125		0	0	0	Mason
17139		0	0	0	Moultrie
17155		0	0	0	Putnam
17159		0	0	0	Richland
17163		0	0	0	St. Clair
18001		0	0	0	Adams
18033		0	0	0	DeKalb
18045		0	0	0	Fountain
18141		0	0	0	St. Joseph
20003		0	0	0	Anderson
20017		0	0	0	Chase
20019		0	0	0	Chautauqua
20025		0	0	0	Clark
20029		0	0	0	Cloud
20031		0	0	0	Coffey
20043		0	0	0	Doniphan
20047		0	0	0	Edwards
20049		0	0	0	Elk
20059		0	0	0	Franklin
20063		0	0	0	Gove
20067		0	0	0	Grant
20069		0	0	0	Gray
20071		0	0	0	Greeley
20081		0	0	0	Haskell
20083		0	0	0	Hodgeman
20089		0	0	0	Jewell
20093		0	0	0	Kearny
20101		0	0	0	Lane
20105		0	0	0	Lincoln
20107		0	0	0	Linn
20119		0	0	0	Meade
20123		0	0	0	Mitchell
20129		0	0	0	Morton
20141		0	0	0	Osborne
20147		0	0	0	Phillips
20153		0	0	0	Rawlins
20157		0	0	0	Republic
20159		0	0	0	Rice
20165		0	0	0	Rush
20167		0	0	0	Russell
20183		0	0	0	Smith
20199		0	0	0	Wallace
20201		0	0	0	Washington
20207		0	0	0	Woodson
21165		0	0	0	Menifee
21181		0	0	0	Nicholas
22087		0	0	0	St. Bernard
22089		0	0	0	St. Charles
22091		0	0	0	St. Helena
22095		0	0	0	St. John the Baptist
22099		0	0	0	St. Martin
22101		0	0	0	St. Mary
22103		0	0	0	St. Tammany
22107		0	0	0	Tensas
25007		0	0	0	Dukes
25019		0	0	0	Nantucket
24037		0	0	0	St. Mary's
26083		0	0	0	Keweenaw
26095		0	0	0	Luce
26131		0	0	0	Ontonagon
26135		0	0	0	Oscoda
26147		0	0	0	St. Clair
27011		0	0	0	Big Stone
27051		0	0	0	Grant
27069		0	0	0	Kittson
27077		0	0	0	Lake of the Woods
27081		0	0	0	Lincoln
27101		0	0	0	Murray
27103		0	0	0	Nicollet
27117		0	0	0	Pipestone
27137		0	0	0	St. Louis
27143		0	0	0	Sibley
27149		0	0	0	Stevens
29025		0	0	0	Caldwell
29041		0	0	0	Chariton
29129		0	0	0	Mercer
29171		0	0	0	Putnam
29173		0	0	0	Ralls
29187		0	0	0	St. Francois
29186		0	0	0	Ste. Genevieve
29197		0	0	0	Schuyler
29199		0	0	0	Scotland
29227		0	0	0	Worth
28053		0	0	0	Humphreys
28055		0	0	0	Issaquena
30015		0	0	0	Chouteau
30019		0	0	0	Daniels
30025		0	0	0	Fallon
30033		0	0	0	Garfield
30037		0	0	0	Golden Valley
30039		0	0	0	Granite
30045		0	0	0	Judith Basin
30055		0	0	0	McCone
30069		0	0	0	Petroleum
30073		0	0	0	Pondera
30075		0	0	0	Powder River
30077		0	0	0	Powell
30079		0	0	0	Prairie
30097		0	0	0	Sweet Grass
30099		0	0	0	Teton
30103		0	0	0	Treasure
30107		0	0	0	Wheatland
30109		0	0	0	Wibaux
38001		0	0	0	Adams
38019		0	0	0	Cavalier
38021		0	0	0	Dickey
38029		0	0	0	Emmons
38031		0	0	0	Foster
38037		0	0	0	Grant
38039		0	0	0	Griggs
38043		0	0	0	Kidder
38047		0	0	0	Logan
38049		0	0	0	McHenry
38051		0	0	0	McIntosh
38063		0	0	0	Nelson
38065		0	0	0	Oliver
38069		0	0	0	Pierce
38083		0	0	0	Sheridan
38087		0	0	0	Slope
38095		0	0	0	Towner
38097		0	0	0	Traill
31005		0	0	0	Arthur
31007		0	0	0	Banner
31009		0	0	0	Blaine
31011		0	0	0	Boone
31013		0	0	0	Box Butte
31017		0	0	0	Brown
31027		0	0	0	Cedar
31031		0	0	0	Cherry
31035		0	0	0	Clay
31039		0	0	0	Cuming
31057		0	0	0	Dundy
31061		0	0	0	Franklin
31063		0	0	0	Frontier
31069		0	0	0	Garden
31075		0	0	0	Grant
31077		0	0	0	Greeley
31085		0	0	0	Hayes
31089		0	0	0	Holt
31091		0	0	0	Hooker
31093		0	0	0	Howard
31097		0	0	0	Johnson
31103		0	0	0	Keya Paha
31105		0	0	0	Kimball
31113		0	0	0	Logan
31115		0	0	0	Loup
31117		0	0	0	McPherson
31129		0	0	0	Nuckolls
31133		0	0	0	Pawnee
31135		0	0	0	Perkins
31143		0	0	0	Polk
31149		0	0	0	Rock
31161		0	0	0	Sheridan
31165		0	0	0	Sioux
31169		0	0	0	Thayer
31171		0	0	0	Thomas
31173		0	0	0	Thurston
31179		0	0	0	Wayne
31181		0	0	0	Webster
31183		0	0	0	Wheeler
35003		0	0	0	Catron
35021		0	0	0	Harding
35059		0	0	0	Union
32009		0	0	0	Esmeralda
32011		0	0	0	Eureka
36089		0	0	0	St. Lawrence
39121		0	0	0	Noble
40003		0	0	0	Alfalfa
40007		0	0	0	Beaver
40025		0	0	0	Cimarron
40055		0	0	0	Greer
40059		0	0	0	Harper
40077		0	0	0	Latimer
40151		0	0	0	Woods
41021		0	0	0	Gilliam
41063		0	0	0	Wallowa
41069		0	0	0	Wheeler
72001		0	0	0	Adjuntas
72003		0	0	0	Aguada
72005		0	0	0	Aguadilla
72007		0	0	0	Aguas Buenas
72009		0	0	0	Aibonito
72011		0	0	0	A??asco
72013		0	0	0	Arecibo
72015		0	0	0	Arroyo
72017		0	0	0	Barceloneta
72019		0	0	0	Barranquitas
72021		0	0	0	Bayam??n
72023		0	0	0	Cabo Rojo
72025		0	0	0	Caguas
72027		0	0	0	Camuy
72029		0	0	0	Can??vanas
72031		0	0	0	Carolina
72033		0	0	0	Cata??o
72035		0	0	0	Cayey
72037		0	0	0	Ceiba
72039		0	0	0	Ciales
72041		0	0	0	Cidra
72043		0	0	0	Coamo
72045		0	0	0	Comer?o
72047		0	0	0	Corozal
72049		0	0	0	Culebra
72051		0	0	0	Dorado
72053		0	0	0	Fajardo
72054		0	0	0	Florida
72055		0	0	0	Gu?nica
72057		0	0	0	Guayama
72059		0	0	0	Guayanilla
72061		0	0	0	Guaynabo
72063		0	0	0	Gurabo
72065		0	0	0	Hatillo
72067		0	0	0	Hormigueros
72069		0	0	0	Humacao
72071		0	0	0	Isabela
72073		0	0	0	Jayuya
72075		0	0	0	Juana D?az
72077		0	0	0	Juncos
72079		0	0	0	Lajas
72081		0	0	0	Lares
72083		0	0	0	Las Mar?as
72085		0	0	0	Las Piedras
72087		0	0	0	Lo?za
72089		0	0	0	Luquillo
72091		0	0	0	Manat?
72093		0	0	0	Maricao
72095		0	0	0	Maunabo
72097		0	0	0	Mayag??ez
72099		0	0	0	Moca
72101		0	0	0	Morovis
72103		0	0	0	Naguabo
72105		0	0	0	Naranjito
72107		0	0	0	Orocovis
72109		0	0	0	Patillas
72111		0	0	0	Pe??uelas
72113		0	0	0	Ponce
72115		0	0	0	Quebradillas
72117		0	0	0	Rinc??n
72119		0	0	0	R?o Grande
72121		0	0	0	Sabana Grande
72123		0	0	0	Salinas
72125		0	0	0	San Germ?n
72127		0	0	0	San Juan
72129		0	0	0	San Lorenzo
72131		0	0	0	San Sebasti?n
72133		0	0	0	Santa Isabel
72135		0	0	0	Toa Alta
72137		0	0	0	Toa Baja
72139		0	0	0	Trujillo Alto
72141		0	0	0	Utuado
72143		0	0	0	Vega Alta
72145		0	0	0	Vega Baja
72147		0	0	0	Vieques
72149		0	0	0	Villalba
72151		0	0	0	Yabucoa
72153		0	0	0	Yauco
46003		0	0	0	Aurora
46017		0	0	0	Buffalo
46025		0	0	0	Clark
46027		0	0	0	Clay
46039		0	0	0	Deuel
46043		0	0	0	Douglas
46049		0	0	0	Faulk
46051		0	0	0	Grant
46055		0	0	0	Haakon
46059		0	0	0	Hand
46061		0	0	0	Hanson
46063		0	0	0	Harding
46067		0	0	0	Hutchinson
46069		0	0	0	Hyde
46071		0	0	0	Jackson
46073		0	0	0	Jerauld
46075		0	0	0	Jones
46077		0	0	0	Kingsbury
46089		0	0	0	McPherson
46101		0	0	0	Moody
46107		0	0	0	Potter
46113		0	0	0	Shannon
46117		0	0	0	Stanley
46119		0	0	0	Sully
46125		0	0	0	Turner
47095		0	0	0	Lake
47175		0	0	0	Van Buren
48009		0	0	0	Archer
48023		0	0	0	Baylor
48033		0	0	0	Borden
48045		0	0	0	Briscoe
48057		0	0	0	Calhoun
48081		0	0	0	Coke
48087		0	0	0	Collingsworth
48089		0	0	0	Colorado
48093		0	0	0	Comanche
48103		0	0	0	Crane
48119		0	0	0	Delta
48125		0	0	0	Dickens
48129		0	0	0	Donley
48151		0	0	0	Fisher
48153		0	0	0	Floyd
48173		0	0	0	Glasscock
48177		0	0	0	Gonzales
48191		0	0	0	Hall
48195		0	0	0	Hansford
48205		0	0	0	Hartley
48211		0	0	0	Hemphill
48235		0	0	0	Irion
48243		0	0	0	Jeff Davis
48261		0	0	0	Kenedy
48263		0	0	0	Kent
48269		0	0	0	King
48271		0	0	0	Kinney
48275		0	0	0	Knox
48301		0	0	0	Loving
48311		0	0	0	McMullen
48327		0	0	0	Menard
48333		0	0	0	Mills
48335		0	0	0	Mitchell
48345		0	0	0	Motley
48383		0	0	0	Reagan
48389		0	0	0	Reeves
48393		0	0	0	Roberts
48403		0	0	0	Sabine
48405		0	0	0	San Augustine
48411		0	0	0	San Saba
48417		0	0	0	Shackelford
48431		0	0	0	Sterling
48433		0	0	0	Stonewall
48447		0	0	0	Throckmorton
48461		0	0	0	Upton
48475		0	0	0	Ward
48505		0	0	0	Zapata
48507		0	0	0	Zavala
49009		0	0	0	Daggett
49023		0	0	0	Juab
49031		0	0	0	Piute
51005		0	0	0	Alleghany
51021		0	0	0	Bland
51036		0	0	0	Charles City
51043		0	0	0	Clarke
51045		0	0	0	Craig
51067		0	0	0	Franklin
51091		0	0	0	Highland
51103		0	0	0	Lancaster
51117		0	0	0	Mecklenburg
51133		0	0	0	Northumberland
51735		0	0	0	Poquoson
51157		0	0	0	Rappahannock
51159		0	0	0	Richmond
53013		0	0	0	Columbia
53023		0	0	0	Garfield
53069		0	0	0	Wahkiakum
55091		0	0	0	Pepin
55109		0	0	0	St. Croix
54093		0	0	0	Tucker
56017		0	0	0	Hot Springs
56019		0	0	0	Johnson
56023		0	0	0	Lincoln
56031		0	0	0	Platte
56045		0	0	0	Weston
